"","x"
"1",2007-01-23
"2",2011-02-01
"3",2010-02-02
"4",2008-02-05
"5",2007-02-06
"6",2010-03-02
"7",2010-03-09
"8",2008-03-11
"9",2013-03-12
"10",2016-03-15
"11",2010-03-16
"12",2008-03-18
"13",2013-03-19
"14",2011-04-26
"15",2010-05-04
"16",2009-05-05
"17",2008-05-06
"18",2014-05-06
"19",2007-05-08
"20",2012-05-08
"21",2009-05-19
"22",2011-06-07
"23",2016-06-07
"24",2007-06-19
"25",2010-06-22
"26",2008-06-24
"27",2014-07-15
"28",2012-07-17
"29",2008-07-29
"30",2009-08-18
"31",2008-08-19
"32",2008-08-29
"33",2010-08-31
"34",2008-09-09
"35",2013-09-10
"36",2007-09-11
"37",2011-09-13
"38",2009-09-15
"39",2009-10-06
"40",2015-10-06
"41",2013-10-08
"42",2007-10-09
"43",2011-10-11
"44",2010-11-02
"45",2009-11-03
"46",2015-11-03
"47",2008-11-04
"48",2014-11-04
"49",2013-11-05
"50",2007-11-06
"51",2012-11-06
"52",2006-11-07
"53",2011-11-08
"54",2010-12-07
"55",2008-12-09
"56",2008-01-08
"57",2008-01-29
"58",2009-02-03
"59",2010-03-02
"60",2008-03-11
"61",2016-03-15
"62",2013-03-19
"63",2010-05-04
"64",2008-05-06
"65",2014-05-06
"66",2007-05-08
"67",2012-05-08
"68",2011-05-17
"69",2009-05-19
"70",2016-06-07
"71",2007-06-12
"72",2010-06-22
"73",2008-06-24
"74",2014-07-15
"75",2012-07-17
"76",2008-07-29
"77",2008-08-19
"78",2010-08-31
"79",2008-09-09
"80",2007-09-11
"81",2009-09-15
"82",2012-09-18
"83",2009-10-06
"84",2013-10-08
"85",2011-10-11
"86",2010-11-02
"87",2009-11-03
"88",2015-11-03
"89",2008-11-04
"90",2014-11-04
"91",2013-11-05
"92",2007-11-06
"93",2012-11-06
"94",2006-11-07
"95",2011-11-08
"96",2008-03-11
"97",2016-03-15
"98",2010-05-04
"99",2008-05-06
"100",2014-05-06
"101",2007-05-08
"102",2012-05-08
"103",2016-06-07
"104",2007-06-12
"105",2010-06-22
"106",2008-06-24
"107",2014-07-15
"108",2012-07-17
"109",2010-08-31
"110",2008-09-09
"111",2013-09-10
"112",2007-09-11
"113",2009-09-15
"114",2009-10-06
"115",2015-10-06
"116",2013-10-08
"117",2007-10-09
"118",2011-10-11
"119",2010-11-02
"120",2009-11-03
"121",2015-11-03
"122",2008-11-04
"123",2014-11-04
"124",2013-11-05
"125",2007-11-06
"126",2012-11-06
"127",2006-11-07
"128",2011-11-08
"129",2008-01-08
"130",2008-02-05
"131",2016-03-15
"132",2013-03-19
"133",2010-05-04
"134",2008-05-06
"135",2014-05-06
"136",2012-05-08
"137",2016-06-07
"138",2010-06-22
"139",2008-06-24
"140",2014-07-15
"141",2012-07-17
"142",2010-08-03
"143",2013-09-10
"144",2007-09-11
"145",2011-09-13
"146",2009-09-15
"147",2009-10-06
"148",2007-10-09
"149",2011-10-11
"150",2010-11-02
"151",2009-11-03
"152",2015-11-03
"153",2008-11-04
"154",2014-11-04
"155",2013-11-05
"156",2007-11-06
"157",2012-11-06
"158",2006-11-07
"159",2011-11-08
"160",2010-02-02
"161",2009-02-03
"162",2007-02-06
"163",2007-03-06
"164",2008-03-11
"165",2016-03-15
"166",2013-03-19
"167",2010-05-04
"168",2008-05-06
"169",2014-05-06
"170",2007-05-08
"171",2012-05-08
"172",2011-05-17
"173",2016-06-07
"174",2007-06-12
"175",2010-06-22
"176",2008-06-24
"177",2014-07-15
"178",2012-07-17
"179",2008-07-29
"180",2008-08-19
"181",2010-08-31
"182",2008-09-09
"183",2013-09-10
"184",2007-09-11
"185",2009-09-15
"186",2015-09-15
"187",2009-10-06
"188",2015-10-06
"189",2013-10-08
"190",2007-10-09
"191",2011-10-11
"192",2010-11-02
"193",2009-11-03
"194",2015-11-03
"195",2008-11-04
"196",2014-11-04
"197",2013-11-05
"198",2007-11-06
"199",2012-11-06
"200",2006-11-07
"201",2011-11-08
"202",2009-02-03
"203",2007-02-06
"204",2010-03-02
"205",2009-03-10
"206",2016-03-15
"207",2010-04-06
"208",2010-05-04
"209",2009-05-05
"210",2008-05-06
"211",2014-05-06
"212",2012-05-08
"213",2011-05-17
"214",2016-06-07
"215",2010-06-22
"216",2008-06-24
"217",2014-07-15
"218",2012-07-17
"219",2008-07-29
"220",2008-08-19
"221",2010-08-31
"222",2008-09-09
"223",2013-09-10
"224",2007-09-11
"225",2009-09-15
"226",2012-09-18
"227",2009-10-06
"228",2015-10-06
"229",2013-10-08
"230",2007-10-09
"231",2011-10-11
"232",2010-11-02
"233",2009-11-03
"234",2015-11-03
"235",2008-11-04
"236",2014-11-04
"237",2013-11-05
"238",2007-11-06
"239",2012-11-06
"240",2006-11-07
"241",2011-11-08
"242",2008-01-08
"243",2011-02-01
"244",2016-03-15
"245",2007-04-17
"246",2010-05-04
"247",2009-05-05
"248",2008-05-06
"249",2014-05-06
"250",2007-05-08
"251",2012-05-08
"252",2007-05-22
"253",2011-05-24
"254",2016-06-07
"255",2010-06-22
"256",2008-06-24
"257",2014-07-15
"258",2012-07-17
"259",2009-07-28
"260",2008-07-29
"261",2010-08-03
"262",2007-08-21
"263",2010-08-31
"264",2008-09-09
"265",2007-09-11
"266",2009-09-15
"267",2009-10-06
"268",2015-10-06
"269",2013-10-08
"270",2007-10-09
"271",2011-10-11
"272",2010-11-02
"273",2009-11-03
"274",2015-11-03
"275",2008-11-04
"276",2014-11-04
"277",2013-11-05
"278",2007-11-06
"279",2012-11-06
"280",2006-11-07
"281",2011-11-08
"282",2007-02-06
"283",2010-03-02
"284",2010-03-09
"285",2016-03-15
"286",2007-04-17
"287",2010-05-04
"288",2008-05-06
"289",2014-05-06
"290",2012-05-08
"291",2011-05-24
"292",2016-06-07
"293",2010-06-22
"294",2008-06-24
"295",2014-07-15
"296",2012-07-17
"297",2009-10-06
"298",2015-10-06
"299",2013-10-08
"300",2007-10-09
"301",2011-10-11
"302",2010-11-02
"303",2009-11-03
"304",2015-11-03
"305",2008-11-04
"306",2014-11-04
"307",2013-11-05
"308",2007-11-06
"309",2012-11-06
"310",2006-11-07
"311",2011-11-08
"312",2008-01-08
"313",2008-01-29
"314",2007-02-06
"315",2010-02-23
"316",2010-03-02
"317",2014-03-11
"318",2016-03-15
"319",2011-04-05
"320",2010-05-04
"321",2009-05-05
"322",2008-05-06
"323",2014-05-06
"324",2012-05-08
"325",2011-05-24
"326",2016-06-07
"327",2010-06-22
"328",2008-06-24
"329",2012-07-17
"330",2008-07-29
"331",2010-08-03
"332",2013-09-10
"333",2015-09-15
"334",2009-10-06
"335",2015-10-06
"336",2013-10-08
"337",2007-10-09
"338",2011-10-11
"339",2010-11-02
"340",2009-11-03
"341",2015-11-03
"342",2008-11-04
"343",2014-11-04
"344",2013-11-05
"345",2007-11-06
"346",2012-11-06
"347",2006-11-07
"348",2011-11-08
"349",2008-12-09
"350",2010-02-02
"351",2009-02-03
"352",2008-02-05
"353",2007-02-06
"354",2010-02-23
"355",2010-03-02
"356",2008-03-11
"357",2014-03-11
"358",2016-03-15
"359",2008-03-18
"360",2013-03-19
"361",2011-04-05
"362",2010-04-06
"363",2007-04-17
"364",2010-05-04
"365",2009-05-05
"366",2008-05-06
"367",2014-05-06
"368",2007-05-08
"369",2012-05-08
"370",2011-05-17
"371",2009-05-19
"372",2007-05-22
"373",2009-06-02
"374",2011-06-07
"375",2016-06-07
"376",2007-06-12
"377",2007-06-19
"378",2010-06-22
"379",2008-06-24
"380",2011-07-12
"381",2014-07-15
"382",2012-07-17
"383",2011-07-19
"384",2008-07-29
"385",2010-08-03
"386",2009-08-18
"387",2008-08-19
"388",2010-08-31
"389",2008-09-09
"390",2013-09-10
"391",2007-09-11
"392",2011-09-13
"393",2009-09-15
"394",2015-09-15
"395",2012-09-18
"396",2012-10-02
"397",2009-10-06
"398",2015-10-06
"399",2013-10-08
"400",2007-10-09
"401",2011-10-11
"402",2010-11-02
"403",2009-11-03
"404",2015-11-03
"405",2008-11-04
"406",2014-11-04
"407",2013-11-05
"408",2007-11-06
"409",2012-11-06
"410",2006-11-07
"411",2011-11-08
"412",2010-12-07
"413",2008-12-09
"414",2008-01-08
"415",2007-01-23
"416",2008-01-29
"417",2010-02-02
"418",2009-02-03
"419",2007-02-06
"420",2010-03-02
"421",2008-03-04
"422",2007-03-06
"423",2010-03-09
"424",2009-03-10
"425",2008-03-11
"426",2014-03-11
"427",2016-03-15
"428",2008-03-18
"429",2013-03-19
"430",2010-04-06
"431",2007-04-17
"432",2007-04-24
"433",2010-05-04
"434",2009-05-05
"435",2008-05-06
"436",2014-05-06
"437",2013-05-07
"438",2007-05-08
"439",2012-05-08
"440",2011-05-17
"441",2009-05-19
"442",2007-05-22
"443",2009-06-02
"444",2016-06-07
"445",2007-06-12
"446",2007-06-19
"447",2010-06-22
"448",2008-06-24
"449",2011-07-12
"450",2014-07-15
"451",2012-07-17
"452",2008-07-29
"453",2009-08-18
"454",2008-08-19
"455",2008-08-29
"456",2010-08-31
"457",2008-09-09
"458",2013-09-10
"459",2007-09-11
"460",2011-09-13
"461",2009-09-15
"462",2015-09-15
"463",2012-09-18
"464",2009-10-06
"465",2015-10-06
"466",2013-10-08
"467",2007-10-09
"468",2011-10-11
"469",2010-11-02
"470",2009-11-03
"471",2015-11-03
"472",2008-11-04
"473",2014-11-04
"474",2013-11-05
"475",2007-11-06
"476",2012-11-06
"477",2006-11-07
"478",2011-11-08
"479",2010-12-07
"480",2008-12-09
"481",2008-01-08
"482",2010-02-02
"483",2009-02-03
"484",2007-02-06
"485",2010-03-02
"486",2008-03-04
"487",2007-03-06
"488",2009-03-10
"489",2016-03-15
"490",2013-03-19
"491",2010-05-04
"492",2009-05-05
"493",2008-05-06
"494",2014-05-06
"495",2007-05-08
"496",2012-05-08
"497",2011-05-17
"498",2016-06-07
"499",2007-06-19
"500",2010-06-22
"501",2008-06-24
"502",2014-07-15
"503",2012-07-17
"504",2008-07-29
"505",2009-08-18
"506",2008-08-19
"507",2008-08-29
"508",2010-08-31
"509",2008-09-09
"510",2013-09-10
"511",2007-09-11
"512",2009-09-15
"513",2008-09-16
"514",2012-09-18
"515",2009-10-06
"516",2015-10-06
"517",2013-10-08
"518",2007-10-09
"519",2011-10-11
"520",2010-11-02
"521",2009-11-03
"522",2015-11-03
"523",2008-11-04
"524",2014-11-04
"525",2013-11-05
"526",2007-11-06
"527",2012-11-06
"528",2006-11-07
"529",2011-11-08
"530",2008-01-08
"531",2011-01-11
"532",2010-02-02
"533",2008-02-05
"534",2007-02-06
"535",2010-03-02
"536",2010-03-09
"537",2009-03-10
"538",2008-03-11
"539",2013-03-12
"540",2016-03-15
"541",2013-03-19
"542",2011-04-05
"543",2007-04-17
"544",2010-05-04
"545",2009-05-05
"546",2008-05-06
"547",2014-05-06
"548",2007-05-08
"549",2012-05-08
"550",2011-05-17
"551",2009-05-19
"552",2007-05-22
"553",2016-06-07
"554",2007-06-12
"555",2010-06-22
"556",2008-06-24
"557",2014-07-15
"558",2012-07-17
"559",2008-07-29
"560",2010-08-03
"561",2009-08-18
"562",2008-08-19
"563",2008-08-29
"564",2010-08-31
"565",2013-09-10
"566",2007-09-11
"567",2011-09-13
"568",2009-09-15
"569",2015-09-15
"570",2012-09-18
"571",2009-10-06
"572",2015-10-06
"573",2013-10-08
"574",2007-10-09
"575",2011-10-11
"576",2010-11-02
"577",2009-11-03
"578",2015-11-03
"579",2008-11-04
"580",2014-11-04
"581",2013-11-05
"582",2007-11-06
"583",2012-11-06
"584",2006-11-07
"585",2011-11-08
"586",2008-01-08
"587",2009-02-03
"588",2007-02-06
"589",2010-03-02
"590",2008-03-11
"591",2013-03-12
"592",2016-03-15
"593",2013-03-19
"594",2007-04-24
"595",2010-05-04
"596",2008-05-06
"597",2014-05-06
"598",2007-05-08
"599",2012-05-08
"600",2011-05-17
"601",2007-05-22
"602",2016-06-07
"603",2010-06-22
"604",2008-06-24
"605",2014-07-15
"606",2012-07-17
"607",2008-07-29
"608",2008-08-19
"609",2010-08-31
"610",2013-09-10
"611",2007-09-11
"612",2011-09-13
"613",2009-09-15
"614",2008-09-16
"615",2012-09-18
"616",2009-10-06
"617",2015-10-06
"618",2013-10-08
"619",2007-10-09
"620",2011-10-11
"621",2010-11-02
"622",2009-11-03
"623",2015-11-03
"624",2008-11-04
"625",2014-11-04
"626",2013-11-05
"627",2007-11-06
"628",2012-11-06
"629",2006-11-07
"630",2011-11-08
"631",2016-11-08
"632",2008-02-19
"633",2016-03-15
"634",2010-05-04
"635",2008-05-06
"636",2014-05-06
"637",2007-05-08
"638",2012-05-08
"639",2016-06-07
"640",2010-06-22
"641",2008-06-24
"642",2012-07-17
"643",2009-10-06
"644",2015-10-06
"645",2013-10-08
"646",2007-10-09
"647",2011-10-11
"648",2010-11-02
"649",2009-11-03
"650",2008-11-04
"651",2014-11-04
"652",2013-11-05
"653",2007-11-06
"654",2012-11-06
"655",2006-11-07
"656",2011-11-08
"657",2007-01-23
"658",2011-02-01
"659",2009-02-03
"660",2007-02-06
"661",2010-03-02
"662",2010-03-09
"663",2016-03-15
"664",2008-03-18
"665",2013-03-19
"666",2010-05-04
"667",2009-05-05
"668",2008-05-06
"669",2014-05-06
"670",2007-05-08
"671",2012-05-08
"672",2011-05-17
"673",2011-05-24
"674",2016-06-07
"675",2010-06-22
"676",2009-06-23
"677",2008-06-24
"678",2014-07-15
"679",2012-07-17
"680",2011-07-19
"681",2008-07-29
"682",2008-08-19
"683",2010-08-31
"684",2008-09-09
"685",2013-09-10
"686",2007-09-11
"687",2011-09-13
"688",2009-09-15
"689",2015-09-15
"690",2009-10-06
"691",2015-10-06
"692",2013-10-08
"693",2007-10-09
"694",2011-10-11
"695",2010-11-02
"696",2009-11-03
"697",2015-11-03
"698",2008-11-04
"699",2014-11-04
"700",2013-11-05
"701",2007-11-06
"702",2012-11-06
"703",2006-11-07
"704",2011-11-08
"705",2010-12-07
"706",2008-12-09
"707",2016-03-15
"708",2010-03-16
"709",2008-03-18
"710",2010-05-04
"711",2009-05-05
"712",2008-05-06
"713",2014-05-06
"714",2007-05-08
"715",2012-05-08
"716",2016-06-07
"717",2010-06-22
"718",2008-06-24
"719",2014-07-15
"720",2012-07-17
"721",2008-07-29
"722",2007-08-21
"723",2009-10-06
"724",2015-10-06
"725",2013-10-08
"726",2007-10-09
"727",2011-10-11
"728",2010-11-02
"729",2009-11-03
"730",2015-11-03
"731",2008-11-04
"732",2014-11-04
"733",2013-11-05
"734",2007-11-06
"735",2012-11-06
"736",2006-11-07
"737",2011-11-08
"738",2008-01-08
"739",2009-02-03
"740",2008-02-05
"741",2007-02-06
"742",2010-03-02
"743",2010-03-09
"744",2009-03-10
"745",2008-03-11
"746",2016-03-15
"747",2013-03-19
"748",2010-04-06
"749",2007-04-17
"750",2010-05-04
"751",2008-05-06
"752",2014-05-06
"753",2007-05-08
"754",2012-05-08
"755",2011-05-17
"756",2007-05-22
"757",2011-05-24
"758",2016-06-07
"759",2007-06-12
"760",2010-06-22
"761",2008-06-24
"762",2014-07-15
"763",2012-07-17
"764",2008-07-29
"765",2009-08-18
"766",2008-08-19
"767",2010-08-31
"768",2008-09-09
"769",2013-09-10
"770",2007-09-11
"771",2011-09-13
"772",2009-09-15
"773",2015-09-15
"774",2012-09-18
"775",2009-10-06
"776",2015-10-06
"777",2013-10-08
"778",2007-10-09
"779",2011-10-11
"780",2010-11-02
"781",2009-11-03
"782",2015-11-03
"783",2008-11-04
"784",2014-11-04
"785",2013-11-05
"786",2007-11-06
"787",2012-11-06
"788",2006-11-07
"789",2011-11-08
"790",2008-01-29
"791",2010-02-02
"792",2007-02-06
"793",2010-03-02
"794",2007-03-06
"795",2008-03-11
"796",2016-03-15
"797",2008-03-18
"798",2013-03-19
"799",2011-04-26
"800",2010-05-04
"801",2009-05-05
"802",2008-05-06
"803",2014-05-06
"804",2007-05-08
"805",2012-05-08
"806",2011-05-24
"807",2009-06-02
"808",2016-06-07
"809",2010-06-22
"810",2008-06-24
"811",2011-07-12
"812",2014-07-15
"813",2012-07-17
"814",2008-07-29
"815",2008-08-19
"816",2010-08-31
"817",2008-09-09
"818",2013-09-10
"819",2007-09-11
"820",2011-09-13
"821",2009-09-15
"822",2015-09-15
"823",2008-09-16
"824",2012-09-18
"825",2009-10-06
"826",2015-10-06
"827",2013-10-08
"828",2007-10-09
"829",2011-10-11
"830",2010-11-02
"831",2009-11-03
"832",2015-11-03
"833",2008-11-04
"834",2014-11-04
"835",2013-11-05
"836",2007-11-06
"837",2012-11-06
"838",2006-11-07
"839",2011-11-08
"840",2008-12-09
"841",2008-01-08
"842",2011-01-11
"843",2016-03-15
"844",2010-05-04
"845",2008-05-06
"846",2014-05-06
"847",2007-05-08
"848",2012-05-08
"849",2016-06-07
"850",2010-06-22
"851",2008-06-24
"852",2014-07-15
"853",2012-07-17
"854",2008-07-29
"855",2010-08-03
"856",2009-08-18
"857",2008-08-29
"858",2013-09-10
"859",2007-09-11
"860",2013-10-08
"861",2007-10-09
"862",2011-10-11
"863",2010-11-02
"864",2009-11-03
"865",2015-11-03
"866",2008-11-04
"867",2014-11-04
"868",2013-11-05
"869",2007-11-06
"870",2012-11-06
"871",2006-11-07
"872",2011-11-08
"873",2008-01-15
"874",2011-02-01
"875",2007-03-06
"876",2010-03-09
"877",2016-03-15
"878",2007-04-17
"879",2010-05-04
"880",2008-05-06
"881",2014-05-06
"882",2012-05-08
"883",2015-05-12
"884",2011-05-24
"885",2016-06-07
"886",2010-06-22
"887",2008-06-24
"888",2014-07-15
"889",2012-07-17
"890",2013-09-10
"891",2009-10-06
"892",2015-10-06
"893",2013-10-08
"894",2007-10-09
"895",2011-10-11
"896",2010-11-02
"897",2009-11-03
"898",2015-11-03
"899",2008-11-04
"900",2014-11-04
"901",2013-11-05
"902",2007-11-06
"903",2012-11-06
"904",2006-11-07
"905",2011-11-08
"906",2010-12-07
"907",2008-01-08
"908",2016-03-15
"909",2010-05-04
"910",2008-05-06
"911",2014-05-06
"912",2012-05-08
"913",2016-06-07
"914",2010-06-22
"915",2008-06-24
"916",2012-07-17
"917",2009-08-18
"918",2008-08-19
"919",2008-08-29
"920",2007-09-11
"921",2009-09-15
"922",2009-10-06
"923",2007-10-09
"924",2010-11-02
"925",2009-11-03
"926",2008-11-04
"927",2014-11-04
"928",2013-11-05
"929",2007-11-06
"930",2012-11-06
"931",2006-11-07
"932",2011-11-08
"933",2008-12-09
"934",2008-01-08
"935",2009-02-03
"936",2007-02-06
"937",2010-03-02
"938",2007-03-06
"939",2010-03-09
"940",2016-03-15
"941",2010-05-04
"942",2009-05-05
"943",2008-05-06
"944",2014-05-06
"945",2007-05-08
"946",2012-05-08
"947",2007-05-22
"948",2011-05-24
"949",2016-06-07
"950",2007-06-19
"951",2010-06-22
"952",2008-06-24
"953",2014-07-15
"954",2012-07-17
"955",2008-07-29
"956",2008-08-19
"957",2010-08-31
"958",2013-09-10
"959",2007-09-11
"960",2011-09-13
"961",2009-09-15
"962",2015-09-15
"963",2012-09-18
"964",2012-10-02
"965",2009-10-06
"966",2015-10-06
"967",2013-10-08
"968",2007-10-09
"969",2011-10-11
"970",2010-11-02
"971",2009-11-03
"972",2015-11-03
"973",2008-11-04
"974",2014-11-04
"975",2013-11-05
"976",2007-11-06
"977",2012-11-06
"978",2006-11-07
"979",2011-11-08
"980",2008-01-08
"981",2007-02-06
"982",2011-02-08
"983",2010-02-23
"984",2008-02-26
"985",2008-03-11
"986",2013-03-12
"987",2016-03-15
"988",2010-05-04
"989",2008-05-06
"990",2014-05-06
"991",2012-05-08
"992",2016-06-07
"993",2010-06-22
"994",2008-06-24
"995",2014-07-15
"996",2012-07-17
"997",2010-08-03
"998",2015-09-15
"999",2009-10-06
"1000",2015-10-06
"1001",2013-10-08
"1002",2007-10-09
"1003",2011-10-11
"1004",2010-11-02
"1005",2009-11-03
"1006",2015-11-03
"1007",2008-11-04
"1008",2014-11-04
"1009",2013-11-05
"1010",2007-11-06
"1011",2012-11-06
"1012",2006-11-07
"1013",2011-11-08
"1014",2014-12-02
"1015",2008-12-09
"1016",2007-01-23
"1017",2010-02-02
"1018",2010-03-02
"1019",2009-03-10
"1020",2008-03-11
"1021",2016-03-15
"1022",2013-03-19
"1023",2007-04-17
"1024",2010-05-04
"1025",2008-05-06
"1026",2014-05-06
"1027",2007-05-08
"1028",2012-05-08
"1029",2011-05-24
"1030",2011-06-07
"1031",2016-06-07
"1032",2007-06-12
"1033",2007-06-19
"1034",2010-06-22
"1035",2008-06-24
"1036",2014-07-15
"1037",2012-07-17
"1038",2008-07-29
"1039",2009-08-18
"1040",2013-09-10
"1041",2007-09-11
"1042",2011-09-13
"1043",2009-09-15
"1044",2009-10-06
"1045",2015-10-06
"1046",2013-10-08
"1047",2007-10-09
"1048",2011-10-11
"1049",2010-11-02
"1050",2009-11-03
"1051",2015-11-03
"1052",2008-11-04
"1053",2014-11-04
"1054",2013-11-05
"1055",2007-11-06
"1056",2012-11-06
"1057",2006-11-07
"1058",2011-11-08
"1059",2008-12-09
"1060",2008-01-08
"1061",2011-02-01
"1062",2010-02-02
"1063",2009-02-03
"1064",2007-02-06
"1065",2008-02-19
"1066",2010-02-23
"1067",2010-03-02
"1068",2008-03-11
"1069",2014-03-11
"1070",2016-03-15
"1071",2013-03-19
"1072",2011-04-05
"1073",2010-05-04
"1074",2009-05-05
"1075",2008-05-06
"1076",2014-05-06
"1077",2007-05-08
"1078",2012-05-08
"1079",2011-05-17
"1080",2011-05-24
"1081",2016-06-07
"1082",2007-06-19
"1083",2010-06-22
"1084",2009-06-23
"1085",2008-06-24
"1086",2014-07-15
"1087",2012-07-17
"1088",2008-07-29
"1089",2010-08-03
"1090",2008-08-19
"1091",2007-08-21
"1092",2008-09-09
"1093",2013-09-10
"1094",2007-09-11
"1095",2011-09-13
"1096",2009-09-15
"1097",2012-09-18
"1098",2009-10-06
"1099",2015-10-06
"1100",2013-10-08
"1101",2007-10-09
"1102",2011-10-11
"1103",2010-11-02
"1104",2009-11-03
"1105",2015-11-03
"1106",2008-11-04
"1107",2014-11-04
"1108",2013-11-05
"1109",2007-11-06
"1110",2012-11-06
"1111",2006-11-07
"1112",2011-11-08
"1113",2008-12-09
"1114",2016-03-15
"1115",2007-04-17
"1116",2010-05-04
"1117",2009-05-05
"1118",2008-05-06
"1119",2014-05-06
"1120",2007-05-08
"1121",2012-05-08
"1122",2011-05-24
"1123",2016-06-07
"1124",2010-06-22
"1125",2008-06-24
"1126",2014-07-15
"1127",2012-07-17
"1128",2009-10-06
"1129",2013-10-08
"1130",2007-10-09
"1131",2011-10-11
"1132",2010-11-02
"1133",2009-11-03
"1134",2015-11-03
"1135",2008-11-04
"1136",2014-11-04
"1137",2013-11-05
"1138",2007-11-06
"1139",2012-11-06
"1140",2006-11-07
"1141",2011-11-08
"1142",2010-12-07
"1143",2008-12-09
"1144",2011-02-01
"1145",2007-02-06
"1146",2008-02-19
"1147",2010-03-02
"1148",2016-03-15
"1149",2010-03-16
"1150",2013-03-19
"1151",2007-04-17
"1152",2011-04-26
"1153",2010-05-04
"1154",2009-05-05
"1155",2008-05-06
"1156",2014-05-06
"1157",2007-05-08
"1158",2012-05-08
"1159",2011-05-24
"1160",2011-06-07
"1161",2016-06-07
"1162",2010-06-22
"1163",2008-06-24
"1164",2011-07-12
"1165",2014-07-15
"1166",2012-07-17
"1167",2010-08-31
"1168",2008-09-09
"1169",2009-09-15
"1170",2009-10-06
"1171",2015-10-06
"1172",2013-10-08
"1173",2007-10-09
"1174",2011-10-11
"1175",2010-11-02
"1176",2009-11-03
"1177",2015-11-03
"1178",2008-11-04
"1179",2014-11-04
"1180",2013-11-05
"1181",2007-11-06
"1182",2012-11-06
"1183",2006-11-07
"1184",2011-11-08
"1185",2010-12-07
"1186",2011-02-01
"1187",2010-02-02
"1188",2007-02-06
"1189",2010-03-02
"1190",2009-03-10
"1191",2008-03-11
"1192",2016-03-15
"1193",2011-04-26
"1194",2010-05-04
"1195",2009-05-05
"1196",2008-05-06
"1197",2014-05-06
"1198",2007-05-08
"1199",2012-05-08
"1200",2011-05-17
"1201",2009-05-19
"1202",2011-05-24
"1203",2016-06-07
"1204",2007-06-12
"1205",2010-06-22
"1206",2008-06-24
"1207",2014-07-15
"1208",2012-07-17
"1209",2011-07-19
"1210",2008-07-29
"1211",2009-08-18
"1212",2008-08-19
"1213",2007-08-21
"1214",2010-08-31
"1215",2008-09-09
"1216",2013-09-10
"1217",2007-09-11
"1218",2011-09-13
"1219",2009-09-15
"1220",2015-09-15
"1221",2008-09-16
"1222",2012-09-18
"1223",2009-10-06
"1224",2015-10-06
"1225",2013-10-08
"1226",2007-10-09
"1227",2011-10-11
"1228",2010-11-02
"1229",2009-11-03
"1230",2015-11-03
"1231",2008-11-04
"1232",2014-11-04
"1233",2013-11-05
"1234",2007-11-06
"1235",2012-11-06
"1236",2006-11-07
"1237",2011-11-08
"1238",2008-12-09
"1239",2010-02-02
"1240",2007-02-06
"1241",2010-03-02
"1242",2008-03-11
"1243",2013-03-12
"1244",2016-03-15
"1245",2013-03-19
"1246",2010-05-04
"1247",2008-05-06
"1248",2014-05-06
"1249",2007-05-08
"1250",2012-05-08
"1251",2011-06-07
"1252",2016-06-07
"1253",2007-06-12
"1254",2010-06-22
"1255",2008-06-24
"1256",2014-07-15
"1257",2012-07-17
"1258",2008-07-29
"1259",2009-08-18
"1260",2008-08-19
"1261",2010-08-31
"1262",2008-09-09
"1263",2013-09-10
"1264",2009-09-15
"1265",2015-09-15
"1266",2012-09-18
"1267",2009-10-06
"1268",2013-10-08
"1269",2007-10-09
"1270",2011-10-11
"1271",2010-11-02
"1272",2009-11-03
"1273",2015-11-03
"1274",2008-11-04
"1275",2014-11-04
"1276",2013-11-05
"1277",2007-11-06
"1278",2012-11-06
"1279",2006-11-07
"1280",2011-11-08
"1281",2009-02-03
"1282",2007-02-06
"1283",2008-03-11
"1284",2016-03-15
"1285",2010-05-04
"1286",2008-05-06
"1287",2014-05-06
"1288",2007-05-08
"1289",2012-05-08
"1290",2011-05-24
"1291",2011-06-07
"1292",2016-06-07
"1293",2010-06-22
"1294",2008-06-24
"1295",2014-07-15
"1296",2012-07-17
"1297",2010-08-03
"1298",2009-09-15
"1299",2009-10-06
"1300",2013-10-08
"1301",2007-10-09
"1302",2011-10-11
"1303",2010-11-02
"1304",2009-11-03
"1305",2015-11-03
"1306",2008-11-04
"1307",2014-11-04
"1308",2013-11-05
"1309",2007-11-06
"1310",2012-11-06
"1311",2006-11-07
"1312",2011-11-08
"1313",2008-12-09
"1314",2008-12-10
"1315",2008-01-08
"1316",2007-01-23
"1317",2011-02-01
"1318",2010-02-02
"1319",2007-02-06
"1320",2010-03-02
"1321",2009-03-10
"1322",2008-03-11
"1323",2013-03-12
"1324",2016-03-15
"1325",2010-03-16
"1326",2008-03-18
"1327",2013-03-19
"1328",2010-04-06
"1329",2007-04-17
"1330",2010-05-04
"1331",2009-05-05
"1332",2008-05-06
"1333",2014-05-06
"1334",2007-05-08
"1335",2012-05-08
"1336",2011-05-17
"1337",2009-05-19
"1338",2007-05-22
"1339",2011-05-24
"1340",2011-06-07
"1341",2016-06-07
"1342",2007-06-12
"1343",2007-06-19
"1344",2010-06-22
"1345",2008-06-24
"1346",2014-07-15
"1347",2012-07-17
"1348",2008-07-29
"1349",2010-08-03
"1350",2009-08-18
"1351",2008-08-19
"1352",2007-08-21
"1353",2010-08-31
"1354",2008-09-09
"1355",2013-09-10
"1356",2007-09-11
"1357",2011-09-13
"1358",2009-09-15
"1359",2015-09-15
"1360",2012-09-18
"1361",2009-10-06
"1362",2015-10-06
"1363",2013-10-08
"1364",2007-10-09
"1365",2011-10-11
"1366",2010-11-02
"1367",2009-11-03
"1368",2015-11-03
"1369",2008-11-04
"1370",2014-11-04
"1371",2013-11-05
"1372",2007-11-06
"1373",2012-11-06
"1374",2006-11-07
"1375",2011-11-08
"1376",2014-12-02
"1377",2010-12-07
"1378",2008-12-09
"1379",2008-01-29
"1380",2011-02-01
"1381",2007-02-06
"1382",2010-03-02
"1383",2010-03-09
"1384",2008-03-11
"1385",2016-03-15
"1386",2010-03-16
"1387",2013-03-19
"1388",2010-05-04
"1389",2008-05-06
"1390",2014-05-06
"1391",2012-05-08
"1392",2011-05-24
"1393",2016-06-07
"1394",2010-06-22
"1395",2008-06-24
"1396",2014-07-15
"1397",2012-07-17
"1398",2008-07-29
"1399",2010-08-03
"1400",2007-08-21
"1401",2013-09-10
"1402",2009-09-15
"1403",2009-10-06
"1404",2015-10-06
"1405",2013-10-08
"1406",2007-10-09
"1407",2011-10-11
"1408",2010-11-02
"1409",2009-11-03
"1410",2015-11-03
"1411",2008-11-04
"1412",2014-11-04
"1413",2013-11-05
"1414",2007-11-06
"1415",2012-11-06
"1416",2006-11-07
"1417",2011-11-08
"1418",2014-12-02
"1419",2008-12-09
"1420",2008-01-08
"1421",2011-02-01
"1422",2010-02-02
"1423",2009-02-03
"1424",2007-02-06
"1425",2010-03-02
"1426",2008-03-04
"1427",2007-03-06
"1428",2010-03-09
"1429",2008-03-11
"1430",2014-03-11
"1431",2013-03-12
"1432",2016-03-15
"1433",2010-03-16
"1434",2008-03-18
"1435",2013-03-19
"1436",2010-04-06
"1437",2007-04-17
"1438",2010-05-04
"1439",2009-05-05
"1440",2008-05-06
"1441",2014-05-06
"1442",2013-05-07
"1443",2007-05-08
"1444",2012-05-08
"1445",2011-05-17
"1446",2009-05-19
"1447",2007-05-22
"1448",2011-05-24
"1449",2009-06-02
"1450",2011-06-07
"1451",2016-06-07
"1452",2007-06-12
"1453",2010-06-22
"1454",2008-06-24
"1455",2014-07-15
"1456",2012-07-17
"1457",2011-07-19
"1458",2008-07-29
"1459",2011-08-09
"1460",2008-08-19
"1461",2007-08-21
"1462",2008-08-29
"1463",2010-08-31
"1464",2008-09-09
"1465",2013-09-10
"1466",2007-09-11
"1467",2011-09-13
"1468",2009-09-15
"1469",2015-09-15
"1470",2012-09-18
"1471",2009-10-06
"1472",2015-10-06
"1473",2013-10-08
"1474",2007-10-09
"1475",2011-10-11
"1476",2010-11-02
"1477",2009-11-03
"1478",2015-11-03
"1479",2008-11-04
"1480",2014-11-04
"1481",2013-11-05
"1482",2007-11-06
"1483",2012-11-06
"1484",2006-11-07
"1485",2011-11-08
"1486",2014-12-02
"1487",2008-12-09
"1488",2007-02-06
"1489",2010-03-02
"1490",2007-03-06
"1491",2016-03-15
"1492",2010-05-04
"1493",2009-05-05
"1494",2008-05-06
"1495",2014-05-06
"1496",2007-05-08
"1497",2012-05-08
"1498",2016-06-07
"1499",2007-06-19
"1500",2010-06-22
"1501",2008-06-24
"1502",2014-07-15
"1503",2012-07-17
"1504",2008-08-19
"1505",2007-08-21
"1506",2008-09-09
"1507",2013-09-10
"1508",2009-09-15
"1509",2009-10-06
"1510",2015-10-06
"1511",2013-10-08
"1512",2007-10-09
"1513",2011-10-11
"1514",2010-11-02
"1515",2009-11-03
"1516",2015-11-03
"1517",2008-11-04
"1518",2014-11-04
"1519",2013-11-05
"1520",2007-11-06
"1521",2012-11-06
"1522",2006-11-07
"1523",2011-11-08
"1524",2008-12-09
"1525",2008-01-08
"1526",2009-02-03
"1527",2008-02-05
"1528",2007-02-06
"1529",2010-03-02
"1530",2007-03-06
"1531",2010-03-09
"1532",2008-03-11
"1533",2016-03-15
"1534",2013-03-19
"1535",2010-04-06
"1536",2010-05-04
"1537",2009-05-05
"1538",2008-05-06
"1539",2014-05-06
"1540",2007-05-08
"1541",2012-05-08
"1542",2007-05-22
"1543",2016-06-07
"1544",2007-06-19
"1545",2010-06-22
"1546",2008-06-24
"1547",2014-07-15
"1548",2012-07-17
"1549",2011-07-19
"1550",2008-07-29
"1551",2009-08-18
"1552",2008-08-19
"1553",2008-08-29
"1554",2010-08-31
"1555",2013-09-10
"1556",2007-09-11
"1557",2011-09-13
"1558",2009-09-15
"1559",2015-09-15
"1560",2012-09-18
"1561",2012-10-02
"1562",2009-10-06
"1563",2015-10-06
"1564",2013-10-08
"1565",2007-10-09
"1566",2011-10-11
"1567",2010-11-02
"1568",2009-11-03
"1569",2015-11-03
"1570",2008-11-04
"1571",2014-11-04
"1572",2013-11-05
"1573",2007-11-06
"1574",2012-11-06
"1575",2006-11-07
"1576",2011-11-08
"1577",2010-03-02
"1578",2016-03-15
"1579",2010-05-04
"1580",2008-05-06
"1581",2014-05-06
"1582",2012-05-08
"1583",2016-06-07
"1584",2010-06-22
"1585",2008-06-24
"1586",2014-07-15
"1587",2012-07-17
"1588",2009-10-06
"1589",2013-10-08
"1590",2007-10-09
"1591",2011-10-11
"1592",2010-11-02
"1593",2009-11-03
"1594",2015-11-03
"1595",2008-11-04
"1596",2014-11-04
"1597",2013-11-05
"1598",2007-11-06
"1599",2012-11-06
"1600",2006-11-07
"1601",2011-11-08
"1602",2008-01-08
"1603",2016-03-15
"1604",2010-05-04
"1605",2008-05-06
"1606",2014-05-06
"1607",2012-05-08
"1608",2016-06-07
"1609",2010-06-22
"1610",2008-06-24
"1611",2012-07-17
"1612",2009-08-18
"1613",2008-08-29
"1614",2010-08-31
"1615",2009-10-06
"1616",2015-10-06
"1617",2007-10-09
"1618",2011-10-11
"1619",2010-11-02
"1620",2009-11-03
"1621",2015-11-03
"1622",2008-11-04
"1623",2014-11-04
"1624",2013-11-05
"1625",2007-11-06
"1626",2012-11-06
"1627",2006-11-07
"1628",2011-11-08
"1629",2007-02-06
"1630",2008-02-19
"1631",2008-03-11
"1632",2014-03-11
"1633",2016-03-15
"1634",2013-03-19
"1635",2010-05-04
"1636",2009-05-05
"1637",2008-05-06
"1638",2014-05-06
"1639",2007-05-08
"1640",2012-05-08
"1641",2015-05-12
"1642",2016-06-07
"1643",2010-06-22
"1644",2008-06-24
"1645",2014-07-15
"1646",2012-07-17
"1647",2008-07-29
"1648",2008-09-09
"1649",2013-09-10
"1650",2007-09-11
"1651",2009-09-15
"1652",2009-10-06
"1653",2015-10-06
"1654",2013-10-08
"1655",2007-10-09
"1656",2011-10-11
"1657",2010-11-02
"1658",2009-11-03
"1659",2015-11-03
"1660",2008-11-04
"1661",2014-11-04
"1662",2013-11-05
"1663",2007-11-06
"1664",2012-11-06
"1665",2006-11-07
"1666",2011-11-08
"1667",2007-01-23
"1668",2010-03-09
"1669",2016-03-15
"1670",2010-05-04
"1671",2008-05-06
"1672",2014-05-06
"1673",2012-05-08
"1674",2016-06-07
"1675",2010-06-22
"1676",2008-06-24
"1677",2014-07-15
"1678",2012-07-17
"1679",2008-07-29
"1680",2010-08-03
"1681",2011-09-13
"1682",2009-09-15
"1683",2009-10-06
"1684",2015-10-06
"1685",2013-10-08
"1686",2007-10-09
"1687",2011-10-11
"1688",2010-11-02
"1689",2009-11-03
"1690",2015-11-03
"1691",2008-11-04
"1692",2014-11-04
"1693",2013-11-05
"1694",2007-11-06
"1695",2012-11-06
"1696",2006-11-07
"1697",2011-11-08
"1698",2009-01-06
"1699",2008-01-08
"1700",2008-01-15
"1701",2008-01-29
"1702",2011-02-01
"1703",2010-02-02
"1704",2009-02-03
"1705",2007-02-06
"1706",2011-02-08
"1707",2010-02-23
"1708",2010-03-02
"1709",2007-03-06
"1710",2009-03-10
"1711",2008-03-11
"1712",2014-03-11
"1713",2016-03-15
"1714",2010-03-16
"1715",2013-03-19
"1716",2007-04-24
"1717",2011-04-26
"1718",2010-05-04
"1719",2009-05-05
"1720",2008-05-06
"1721",2014-05-06
"1722",2007-05-08
"1723",2012-05-08
"1724",2011-05-17
"1725",2009-05-19
"1726",2011-05-24
"1727",2016-06-07
"1728",2007-06-12
"1729",2007-06-19
"1730",2010-06-22
"1731",2008-06-24
"1732",2014-07-15
"1733",2012-07-17
"1734",2011-07-19
"1735",2008-07-29
"1736",2010-08-03
"1737",2011-08-09
"1738",2009-08-18
"1739",2008-08-19
"1740",2007-08-21
"1741",2010-08-31
"1742",2008-09-09
"1743",2013-09-10
"1744",2007-09-11
"1745",2011-09-13
"1746",2009-09-15
"1747",2015-09-15
"1748",2012-09-18
"1749",2009-10-06
"1750",2015-10-06
"1751",2013-10-08
"1752",2007-10-09
"1753",2011-10-11
"1754",2010-11-02
"1755",2009-11-03
"1756",2015-11-03
"1757",2008-11-04
"1758",2014-11-04
"1759",2013-11-05
"1760",2007-11-06
"1761",2012-11-06
"1762",2006-11-07
"1763",2011-11-08
"1764",2008-12-09
"1765",2008-01-15
"1766",2011-02-01
"1767",2007-02-06
"1768",2010-03-02
"1769",2010-03-09
"1770",2016-03-15
"1771",2010-03-16
"1772",2010-05-04
"1773",2008-05-06
"1774",2014-05-06
"1775",2012-05-08
"1776",2011-05-24
"1777",2016-06-07
"1778",2010-06-22
"1779",2008-06-24
"1780",2014-07-15
"1781",2012-07-17
"1782",2008-07-29
"1783",2009-09-15
"1784",2015-09-15
"1785",2009-10-06
"1786",2015-10-06
"1787",2013-10-08
"1788",2007-10-09
"1789",2011-10-11
"1790",2010-11-02
"1791",2009-11-03
"1792",2015-11-03
"1793",2008-11-04
"1794",2014-11-04
"1795",2013-11-05
"1796",2007-11-06
"1797",2012-11-06
"1798",2006-11-07
"1799",2011-11-08
"1800",2010-12-07
"1801",2008-01-08
"1802",2008-01-29
"1803",2007-02-06
"1804",2008-02-19
"1805",2013-03-12
"1806",2016-03-15
"1807",2013-03-19
"1808",2010-05-04
"1809",2009-05-05
"1810",2008-05-06
"1811",2014-05-06
"1812",2007-05-08
"1813",2012-05-08
"1814",2016-06-07
"1815",2007-06-19
"1816",2010-06-22
"1817",2009-06-23
"1818",2008-06-24
"1819",2014-07-15
"1820",2012-07-17
"1821",2008-07-29
"1822",2010-08-03
"1823",2010-08-31
"1824",2013-09-10
"1825",2009-09-15
"1826",2015-09-15
"1827",2009-10-06
"1828",2015-10-06
"1829",2013-10-08
"1830",2007-10-09
"1831",2011-10-11
"1832",2010-11-02
"1833",2009-11-03
"1834",2015-11-03
"1835",2008-11-04
"1836",2014-11-04
"1837",2013-11-05
"1838",2007-11-06
"1839",2012-11-06
"1840",2006-11-07
"1841",2011-11-08
"1842",2008-12-09
"1843",2008-01-08
"1844",2008-02-05
"1845",2007-02-06
"1846",2010-03-09
"1847",2009-03-10
"1848",2008-03-11
"1849",2016-03-15
"1850",2010-04-06
"1851",2007-04-24
"1852",2010-05-04
"1853",2008-05-06
"1854",2014-05-06
"1855",2012-05-08
"1856",2016-06-07
"1857",2007-06-12
"1858",2010-06-22
"1859",2008-06-24
"1860",2014-07-15
"1861",2012-07-17
"1862",2008-07-29
"1863",2009-08-18
"1864",2008-08-29
"1865",2013-09-10
"1866",2007-09-11
"1867",2011-09-13
"1868",2009-09-15
"1869",2015-09-15
"1870",2012-09-18
"1871",2009-10-06
"1872",2015-10-06
"1873",2013-10-08
"1874",2007-10-09
"1875",2011-10-11
"1876",2010-11-02
"1877",2009-11-03
"1878",2015-11-03
"1879",2008-11-04
"1880",2014-11-04
"1881",2013-11-05
"1882",2007-11-06
"1883",2012-11-06
"1884",2006-11-07
"1885",2011-11-08
"1886",2008-01-08
"1887",2011-02-01
"1888",2010-02-02
"1889",2009-02-03
"1890",2007-02-06
"1891",2010-02-23
"1892",2010-03-02
"1893",2008-03-04
"1894",2007-03-06
"1895",2009-03-10
"1896",2008-03-11
"1897",2016-03-15
"1898",2008-03-18
"1899",2013-03-19
"1900",2010-04-06
"1901",2007-04-24
"1902",2010-05-04
"1903",2009-05-05
"1904",2008-05-06
"1905",2014-05-06
"1906",2013-05-07
"1907",2007-05-08
"1908",2012-05-08
"1909",2016-06-07
"1910",2007-06-19
"1911",2010-06-22
"1912",2009-06-23
"1913",2008-06-24
"1914",2014-07-15
"1915",2012-07-17
"1916",2008-07-29
"1917",2010-08-03
"1918",2009-08-18
"1919",2008-08-19
"1920",2010-08-31
"1921",2008-09-09
"1922",2013-09-10
"1923",2007-09-11
"1924",2011-09-13
"1925",2009-09-15
"1926",2015-09-15
"1927",2009-10-06
"1928",2015-10-06
"1929",2013-10-08
"1930",2007-10-09
"1931",2011-10-11
"1932",2010-11-02
"1933",2009-11-03
"1934",2015-11-03
"1935",2008-11-04
"1936",2014-11-04
"1937",2013-11-05
"1938",2007-11-06
"1939",2012-11-06
"1940",2006-11-07
"1941",2011-11-08
"1942",2010-12-07
"1943",2007-01-23
"1944",2011-02-01
"1945",2007-02-06
"1946",2008-02-19
"1947",2010-03-02
"1948",2010-03-09
"1949",2016-03-15
"1950",2010-05-04
"1951",2008-05-06
"1952",2014-05-06
"1953",2012-05-08
"1954",2015-05-12
"1955",2009-05-19
"1956",2011-05-24
"1957",2016-06-07
"1958",2010-06-22
"1959",2008-06-24
"1960",2012-07-17
"1961",2008-07-29
"1962",2011-09-13
"1963",2009-10-06
"1964",2013-10-08
"1965",2007-10-09
"1966",2011-10-11
"1967",2010-11-02
"1968",2009-11-03
"1969",2015-11-03
"1970",2008-11-04
"1971",2014-11-04
"1972",2013-11-05
"1973",2007-11-06
"1974",2012-11-06
"1975",2006-11-07
"1976",2011-11-08
"1977",2008-01-08
"1978",2008-01-29
"1979",2007-02-06
"1980",2010-02-23
"1981",2008-03-11
"1982",2016-03-15
"1983",2010-05-04
"1984",2008-05-06
"1985",2014-05-06
"1986",2012-05-08
"1987",2016-06-07
"1988",2010-06-22
"1989",2008-06-24
"1990",2014-07-15
"1991",2012-07-17
"1992",2010-08-03
"1993",2007-09-11
"1994",2009-09-15
"1995",2009-10-06
"1996",2015-10-06
"1997",2013-10-08
"1998",2007-10-09
"1999",2011-10-11
"2000",2010-11-02
"2001",2009-11-03
"2002",2015-11-03
"2003",2008-11-04
"2004",2014-11-04
"2005",2013-11-05
"2006",2007-11-06
"2007",2012-11-06
"2008",2006-11-07
"2009",2011-11-08
"2010",2008-12-09
"2011",2007-02-06
"2012",2016-03-15
"2013",2007-04-17
"2014",2010-05-04
"2015",2008-05-06
"2016",2014-05-06
"2017",2007-05-08
"2018",2012-05-08
"2019",2011-05-24
"2020",2016-06-07
"2021",2010-06-22
"2022",2008-06-24
"2023",2014-07-15
"2024",2012-07-17
"2025",2008-09-09
"2026",2009-10-06
"2027",2007-10-09
"2028",2011-10-11
"2029",2010-11-02
"2030",2009-11-03
"2031",2015-11-03
"2032",2008-11-04
"2033",2014-11-04
"2034",2013-11-05
"2035",2007-11-06
"2036",2012-11-06
"2037",2006-11-07
"2038",2011-11-08
"2039",2008-01-08
"2040",2007-01-23
"2041",2010-02-02
"2042",2009-02-03
"2043",2008-02-05
"2044",2007-02-06
"2045",2010-03-02
"2046",2010-03-09
"2047",2008-03-11
"2048",2016-03-15
"2049",2013-03-19
"2050",2007-04-24
"2051",2010-05-04
"2052",2009-05-05
"2053",2008-05-06
"2054",2014-05-06
"2055",2007-05-08
"2056",2012-05-08
"2057",2011-05-17
"2058",2007-05-22
"2059",2016-06-07
"2060",2007-06-12
"2061",2010-06-22
"2062",2008-06-24
"2063",2014-07-15
"2064",2012-07-17
"2065",2011-07-19
"2066",2008-07-29
"2067",2009-08-18
"2068",2008-08-19
"2069",2008-08-29
"2070",2010-08-31
"2071",2008-09-09
"2072",2013-09-10
"2073",2007-09-11
"2074",2011-09-13
"2075",2009-09-15
"2076",2015-09-15
"2077",2008-09-16
"2078",2012-09-18
"2079",2009-10-06
"2080",2015-10-06
"2081",2013-10-08
"2082",2007-10-09
"2083",2011-10-11
"2084",2010-11-02
"2085",2009-11-03
"2086",2015-11-03
"2087",2008-11-04
"2088",2014-11-04
"2089",2013-11-05
"2090",2007-11-06
"2091",2012-11-06
"2092",2006-11-07
"2093",2011-11-08
"2094",2008-01-08
"2095",2011-01-11
"2096",2007-02-06
"2097",2010-03-02
"2098",2008-03-11
"2099",2016-03-15
"2100",2010-05-04
"2101",2009-05-05
"2102",2008-05-06
"2103",2014-05-06
"2104",2007-05-08
"2105",2012-05-08
"2106",2011-05-17
"2107",2016-06-07
"2108",2010-06-22
"2109",2008-06-24
"2110",2014-07-15
"2111",2012-07-17
"2112",2008-07-29
"2113",2009-08-18
"2114",2008-08-19
"2115",2008-08-29
"2116",2010-08-31
"2117",2013-09-10
"2118",2007-09-11
"2119",2011-09-13
"2120",2009-09-15
"2121",2015-09-15
"2122",2012-09-18
"2123",2009-10-06
"2124",2013-10-08
"2125",2007-10-09
"2126",2011-10-11
"2127",2010-11-02
"2128",2009-11-03
"2129",2015-11-03
"2130",2008-11-04
"2131",2014-11-04
"2132",2013-11-05
"2133",2007-11-06
"2134",2012-11-06
"2135",2006-11-07
"2136",2011-11-08
"2137",2009-01-06
"2138",2008-01-08
"2139",2008-01-29
"2140",2011-02-01
"2141",2009-02-03
"2142",2007-02-06
"2143",2008-02-19
"2144",2010-03-02
"2145",2007-03-06
"2146",2014-03-11
"2147",2013-03-12
"2148",2016-03-15
"2149",2013-03-19
"2150",2007-04-17
"2151",2010-05-04
"2152",2009-05-05
"2153",2008-05-06
"2154",2014-05-06
"2155",2007-05-08
"2156",2012-05-08
"2157",2011-06-07
"2158",2016-06-07
"2159",2010-06-22
"2160",2008-06-24
"2161",2011-07-12
"2162",2014-07-15
"2163",2012-07-17
"2164",2008-07-29
"2165",2010-08-03
"2166",2009-08-18
"2167",2008-08-19
"2168",2010-08-31
"2169",2013-09-10
"2170",2011-09-13
"2171",2009-09-15
"2172",2015-09-15
"2173",2009-10-06
"2174",2015-10-06
"2175",2013-10-08
"2176",2007-10-09
"2177",2011-10-11
"2178",2010-11-02
"2179",2009-11-03
"2180",2015-11-03
"2181",2008-11-04
"2182",2014-11-04
"2183",2013-11-05
"2184",2007-11-06
"2185",2012-11-06
"2186",2006-11-07
"2187",2011-11-08
"2188",2008-12-09
"2189",2007-01-23
"2190",2007-02-06
"2191",2016-03-15
"2192",2010-05-04
"2193",2008-05-06
"2194",2014-05-06
"2195",2007-05-08
"2196",2012-05-08
"2197",2016-06-07
"2198",2010-06-22
"2199",2008-06-24
"2200",2012-07-17
"2201",2013-09-10
"2202",2011-09-13
"2203",2009-09-15
"2204",2009-10-06
"2205",2015-10-06
"2206",2013-10-08
"2207",2007-10-09
"2208",2011-10-11
"2209",2010-11-02
"2210",2009-11-03
"2211",2015-11-03
"2212",2008-11-04
"2213",2014-11-04
"2214",2013-11-05
"2215",2007-11-06
"2216",2012-11-06
"2217",2006-11-07
"2218",2011-11-08
"2219",2008-01-29
"2220",2009-02-03
"2221",2007-02-06
"2222",2010-03-02
"2223",2010-03-09
"2224",2013-03-12
"2225",2016-03-15
"2226",2008-03-18
"2227",2010-05-04
"2228",2009-05-05
"2229",2008-05-06
"2230",2014-05-06
"2231",2007-05-08
"2232",2012-05-08
"2233",2016-06-07
"2234",2007-06-19
"2235",2010-06-22
"2236",2009-06-23
"2237",2008-06-24
"2238",2014-07-15
"2239",2012-07-17
"2240",2008-07-29
"2241",2008-08-19
"2242",2008-09-09
"2243",2013-09-10
"2244",2011-09-13
"2245",2009-09-15
"2246",2015-09-15
"2247",2008-09-16
"2248",2012-09-18
"2249",2009-10-06
"2250",2015-10-06
"2251",2013-10-08
"2252",2007-10-09
"2253",2011-10-11
"2254",2010-11-02
"2255",2009-11-03
"2256",2015-11-03
"2257",2008-11-04
"2258",2014-11-04
"2259",2013-11-05
"2260",2007-11-06
"2261",2012-11-06
"2262",2006-11-07
"2263",2011-11-08
"2264",2007-02-06
"2265",2010-03-02
"2266",2016-03-15
"2267",2010-03-16
"2268",2010-04-06
"2269",2010-05-04
"2270",2008-05-06
"2271",2014-05-06
"2272",2012-05-08
"2273",2011-05-17
"2274",2009-05-19
"2275",2009-06-02
"2276",2016-06-07
"2277",2010-06-22
"2278",2008-06-24
"2279",2014-07-15
"2280",2012-07-17
"2281",2013-09-10
"2282",2011-09-13
"2283",2009-09-15
"2284",2009-10-06
"2285",2013-10-08
"2286",2007-10-09
"2287",2011-10-11
"2288",2010-11-02
"2289",2009-11-03
"2290",2015-11-03
"2291",2008-11-04
"2292",2014-11-04
"2293",2013-11-05
"2294",2007-11-06
"2295",2012-11-06
"2296",2006-11-07
"2297",2011-11-08
"2298",2008-01-08
"2299",2010-02-02
"2300",2009-02-03
"2301",2008-02-05
"2302",2007-02-06
"2303",2010-03-02
"2304",2010-03-09
"2305",2009-03-10
"2306",2008-03-11
"2307",2016-03-15
"2308",2013-03-19
"2309",2010-05-04
"2310",2009-05-05
"2311",2008-05-06
"2312",2014-05-06
"2313",2007-05-08
"2314",2012-05-08
"2315",2011-05-17
"2316",2007-05-22
"2317",2016-06-07
"2318",2010-06-22
"2319",2008-06-24
"2320",2014-07-15
"2321",2012-07-17
"2322",2008-07-29
"2323",2008-08-19
"2324",2010-08-31
"2325",2013-09-10
"2326",2007-09-11
"2327",2011-09-13
"2328",2009-09-15
"2329",2015-09-15
"2330",2012-09-18
"2331",2009-10-06
"2332",2015-10-06
"2333",2013-10-08
"2334",2007-10-09
"2335",2011-10-11
"2336",2010-11-02
"2337",2009-11-03
"2338",2015-11-03
"2339",2008-11-04
"2340",2014-11-04
"2341",2013-11-05
"2342",2007-11-06
"2343",2012-11-06
"2344",2006-11-07
"2345",2011-11-08
"2346",2008-01-08
"2347",2011-01-11
"2348",2007-02-06
"2349",2010-03-02
"2350",2008-03-04
"2351",2016-03-15
"2352",2010-05-04
"2353",2009-05-05
"2354",2008-05-06
"2355",2014-05-06
"2356",2012-05-08
"2357",2016-06-07
"2358",2010-06-22
"2359",2008-06-24
"2360",2014-07-15
"2361",2012-07-17
"2362",2009-08-18
"2363",2008-08-19
"2364",2008-08-29
"2365",2008-09-09
"2366",2013-09-10
"2367",2007-09-11
"2368",2009-09-15
"2369",2009-10-06
"2370",2015-10-06
"2371",2013-10-08
"2372",2007-10-09
"2373",2011-10-11
"2374",2010-11-02
"2375",2009-11-03
"2376",2015-11-03
"2377",2008-11-04
"2378",2014-11-04
"2379",2013-11-05
"2380",2007-11-06
"2381",2012-11-06
"2382",2006-11-07
"2383",2011-11-08
"2384",2008-03-04
"2385",2008-03-11
"2386",2016-03-15
"2387",2013-03-19
"2388",2010-04-06
"2389",2007-04-24
"2390",2010-05-04
"2391",2009-05-05
"2392",2008-05-06
"2393",2014-05-06
"2394",2007-05-08
"2395",2012-05-08
"2396",2016-06-07
"2397",2010-06-22
"2398",2008-06-24
"2399",2012-07-17
"2400",2009-08-18
"2401",2013-09-10
"2402",2009-10-06
"2403",2015-10-06
"2404",2013-10-08
"2405",2007-10-09
"2406",2011-10-11
"2407",2010-11-02
"2408",2009-11-03
"2409",2015-11-03
"2410",2008-11-04
"2411",2014-11-04
"2412",2013-11-05
"2413",2007-11-06
"2414",2012-11-06
"2415",2006-11-07
"2416",2011-11-08
"2417",2010-03-02
"2418",2016-03-15
"2419",2010-03-16
"2420",2013-03-19
"2421",2010-05-04
"2422",2009-05-05
"2423",2008-05-06
"2424",2014-05-06
"2425",2007-05-08
"2426",2012-05-08
"2427",2011-05-24
"2428",2016-06-07
"2429",2010-06-22
"2430",2008-06-24
"2431",2014-07-15
"2432",2012-07-17
"2433",2009-07-28
"2434",2009-10-06
"2435",2015-10-06
"2436",2013-10-08
"2437",2007-10-09
"2438",2011-10-11
"2439",2010-11-02
"2440",2009-11-03
"2441",2015-11-03
"2442",2008-11-04
"2443",2014-11-04
"2444",2013-11-05
"2445",2007-11-06
"2446",2012-11-06
"2447",2006-11-07
"2448",2011-11-08
"2449",2008-01-08
"2450",2009-02-03
"2451",2011-02-08
"2452",2010-02-23
"2453",2010-03-02
"2454",2009-03-10
"2455",2016-03-15
"2456",2013-03-19
"2457",2010-04-06
"2458",2010-05-04
"2459",2008-05-06
"2460",2014-05-06
"2461",2012-05-08
"2462",2016-06-07
"2463",2010-06-22
"2464",2008-06-24
"2465",2014-07-15
"2466",2012-07-17
"2467",2011-07-19
"2468",2008-07-29
"2469",2009-08-18
"2470",2010-08-31
"2471",2013-09-10
"2472",2007-09-11
"2473",2011-09-13
"2474",2009-09-15
"2475",2009-10-06
"2476",2015-10-06
"2477",2013-10-08
"2478",2007-10-09
"2479",2011-10-11
"2480",2010-11-02
"2481",2009-11-03
"2482",2015-11-03
"2483",2008-11-04
"2484",2014-11-04
"2485",2013-11-05
"2486",2007-11-06
"2487",2012-11-06
"2488",2006-11-07
"2489",2011-11-08
"2490",2008-01-08
"2491",2008-01-15
"2492",2007-01-23
"2493",2010-02-02
"2494",2009-02-03
"2495",2008-02-05
"2496",2007-02-06
"2497",2008-02-19
"2498",2010-03-02
"2499",2008-03-04
"2500",2010-03-09
"2501",2009-03-10
"2502",2008-03-11
"2503",2013-03-12
"2504",2016-03-15
"2505",2008-03-18
"2506",2013-03-19
"2507",2011-04-05
"2508",2007-04-17
"2509",2011-04-26
"2510",2010-05-04
"2511",2009-05-05
"2512",2008-05-06
"2513",2014-05-06
"2514",2007-05-08
"2515",2012-05-08
"2516",2015-05-12
"2517",2011-05-17
"2518",2009-05-19
"2519",2007-05-22
"2520",2011-05-24
"2521",2009-06-02
"2522",2016-06-07
"2523",2007-06-12
"2524",2007-06-19
"2525",2010-06-22
"2526",2008-06-24
"2527",2014-07-15
"2528",2012-07-17
"2529",2008-07-29
"2530",2010-08-03
"2531",2011-08-09
"2532",2009-08-18
"2533",2008-08-19
"2534",2007-08-21
"2535",2008-08-29
"2536",2010-08-31
"2537",2008-09-09
"2538",2013-09-10
"2539",2007-09-11
"2540",2011-09-13
"2541",2009-09-15
"2542",2015-09-15
"2543",2008-09-16
"2544",2012-09-18
"2545",2009-10-06
"2546",2015-10-06
"2547",2013-10-08
"2548",2007-10-09
"2549",2011-10-11
"2550",2010-11-02
"2551",2009-11-03
"2552",2015-11-03
"2553",2008-11-04
"2554",2014-11-04
"2555",2013-11-05
"2556",2007-11-06
"2557",2012-11-06
"2558",2006-11-07
"2559",2011-11-08
"2560",2014-12-02
"2561",2010-12-07
"2562",2008-12-09
"2563",2008-12-10
"2564",2008-01-08
"2565",2008-01-29
"2566",2009-02-03
"2567",2009-03-10
"2568",2016-03-15
"2569",2013-03-19
"2570",2010-04-06
"2571",2010-05-04
"2572",2008-05-06
"2573",2014-05-06
"2574",2012-05-08
"2575",2011-05-17
"2576",2016-06-07
"2577",2010-06-22
"2578",2008-06-24
"2579",2014-07-15
"2580",2012-07-17
"2581",2008-08-19
"2582",2010-08-31
"2583",2013-09-10
"2584",2007-09-11
"2585",2009-09-15
"2586",2015-09-15
"2587",2009-10-06
"2588",2015-10-06
"2589",2013-10-08
"2590",2007-10-09
"2591",2011-10-11
"2592",2010-11-02
"2593",2009-11-03
"2594",2015-11-03
"2595",2008-11-04
"2596",2014-11-04
"2597",2013-11-05
"2598",2007-11-06
"2599",2012-11-06
"2600",2006-11-07
"2601",2011-11-08
"2602",2009-01-06
"2603",2010-02-02
"2604",2008-02-05
"2605",2010-03-02
"2606",2016-03-15
"2607",2011-04-26
"2608",2010-05-04
"2609",2009-05-05
"2610",2008-05-06
"2611",2014-05-06
"2612",2007-05-08
"2613",2012-05-08
"2614",2011-05-17
"2615",2009-05-19
"2616",2016-06-07
"2617",2010-06-22
"2618",2008-06-24
"2619",2014-07-15
"2620",2012-07-17
"2621",2008-07-29
"2622",2009-08-18
"2623",2013-09-10
"2624",2007-09-11
"2625",2011-09-13
"2626",2009-09-15
"2627",2015-09-15
"2628",2009-10-06
"2629",2015-10-06
"2630",2013-10-08
"2631",2007-10-09
"2632",2011-10-11
"2633",2010-11-02
"2634",2009-11-03
"2635",2015-11-03
"2636",2008-11-04
"2637",2014-11-04
"2638",2013-11-05
"2639",2007-11-06
"2640",2012-11-06
"2641",2006-11-07
"2642",2011-11-08
"2643",2009-01-06
"2644",2008-01-08
"2645",2008-01-29
"2646",2011-02-01
"2647",2009-02-03
"2648",2008-02-05
"2649",2007-02-06
"2650",2010-03-02
"2651",2008-03-11
"2652",2014-03-11
"2653",2013-03-12
"2654",2016-03-15
"2655",2010-05-04
"2656",2009-05-05
"2657",2008-05-06
"2658",2014-05-06
"2659",2007-05-08
"2660",2012-05-08
"2661",2009-06-02
"2662",2011-06-07
"2663",2016-06-07
"2664",2007-06-19
"2665",2010-06-22
"2666",2009-06-23
"2667",2008-06-24
"2668",2014-07-15
"2669",2012-07-17
"2670",2011-07-19
"2671",2008-07-29
"2672",2010-08-03
"2673",2008-08-19
"2674",2008-09-09
"2675",2013-09-10
"2676",2007-09-11
"2677",2009-09-15
"2678",2015-09-15
"2679",2008-09-16
"2680",2009-10-06
"2681",2015-10-06
"2682",2013-10-08
"2683",2007-10-09
"2684",2011-10-11
"2685",2010-11-02
"2686",2009-11-03
"2687",2015-11-03
"2688",2008-11-04
"2689",2014-11-04
"2690",2013-11-05
"2691",2007-11-06
"2692",2012-11-06
"2693",2006-11-07
"2694",2011-11-08
"2695",2008-12-09
"2696",2008-01-08
"2697",2008-01-15
"2698",2007-01-23
"2699",2011-02-01
"2700",2007-02-06
"2701",2010-03-02
"2702",2007-03-06
"2703",2010-03-09
"2704",2016-03-15
"2705",2010-03-16
"2706",2013-03-19
"2707",2007-04-17
"2708",2010-05-04
"2709",2008-05-06
"2710",2014-05-06
"2711",2007-05-08
"2712",2012-05-08
"2713",2011-05-24
"2714",2016-06-07
"2715",2010-06-22
"2716",2008-06-24
"2717",2014-07-15
"2718",2012-07-17
"2719",2008-07-29
"2720",2013-09-10
"2721",2011-09-13
"2722",2009-09-15
"2723",2015-09-15
"2724",2009-10-06
"2725",2015-10-06
"2726",2013-10-08
"2727",2007-10-09
"2728",2011-10-11
"2729",2010-11-02
"2730",2009-11-03
"2731",2015-11-03
"2732",2008-11-04
"2733",2014-11-04
"2734",2013-11-05
"2735",2007-11-06
"2736",2012-11-06
"2737",2006-11-07
"2738",2011-11-08
"2739",2014-12-02
"2740",2007-12-11
"2741",2008-01-08
"2742",2008-01-15
"2743",2007-01-23
"2744",2008-01-29
"2745",2011-02-01
"2746",2010-02-02
"2747",2009-02-03
"2748",2007-02-06
"2749",2008-02-19
"2750",2010-03-02
"2751",2010-03-09
"2752",2008-03-11
"2753",2013-03-12
"2754",2016-03-15
"2755",2008-03-18
"2756",2013-03-19
"2757",2011-04-05
"2758",2007-04-17
"2759",2010-05-04
"2760",2009-05-05
"2761",2008-05-06
"2762",2014-05-06
"2763",2007-05-08
"2764",2012-05-08
"2765",2011-05-17
"2766",2007-05-22
"2767",2011-05-24
"2768",2009-06-02
"2769",2016-06-07
"2770",2009-06-16
"2771",2007-06-19
"2772",2010-06-22
"2773",2009-06-23
"2774",2008-06-24
"2775",2011-07-12
"2776",2014-07-15
"2777",2012-07-17
"2778",2008-07-29
"2779",2010-08-03
"2780",2009-08-18
"2781",2008-08-19
"2782",2010-08-31
"2783",2008-09-09
"2784",2013-09-10
"2785",2007-09-11
"2786",2011-09-13
"2787",2009-09-15
"2788",2015-09-15
"2789",2012-09-18
"2790",2009-10-06
"2791",2015-10-06
"2792",2013-10-08
"2793",2007-10-09
"2794",2011-10-11
"2795",2010-11-02
"2796",2009-11-03
"2797",2015-11-03
"2798",2008-11-04
"2799",2014-11-04
"2800",2013-11-05
"2801",2007-11-06
"2802",2012-11-06
"2803",2006-11-07
"2804",2011-11-08
"2805",2010-12-07
"2806",2008-12-09
"2807",2008-12-10
"2808",2008-01-15
"2809",2011-02-01
"2810",2007-02-06
"2811",2010-03-02
"2812",2016-03-15
"2813",2010-03-16
"2814",2010-05-04
"2815",2008-05-06
"2816",2014-05-06
"2817",2012-05-08
"2818",2016-06-07
"2819",2010-06-22
"2820",2008-06-24
"2821",2012-07-17
"2822",2008-09-09
"2823",2009-10-06
"2824",2013-10-08
"2825",2007-10-09
"2826",2011-10-11
"2827",2010-11-02
"2828",2009-11-03
"2829",2015-11-03
"2830",2008-11-04
"2831",2014-11-04
"2832",2013-11-05
"2833",2007-11-06
"2834",2012-11-06
"2835",2006-11-07
"2836",2011-11-08
"2837",2008-01-08
"2838",2007-01-23
"2839",2011-02-01
"2840",2007-02-06
"2841",2010-02-23
"2842",2010-03-02
"2843",2010-03-09
"2844",2016-03-15
"2845",2008-03-18
"2846",2010-05-04
"2847",2009-05-05
"2848",2008-05-06
"2849",2014-05-06
"2850",2007-05-08
"2851",2012-05-08
"2852",2016-06-07
"2853",2007-06-19
"2854",2010-06-22
"2855",2009-06-23
"2856",2008-06-24
"2857",2014-07-15
"2858",2012-07-17
"2859",2011-07-19
"2860",2008-07-29
"2861",2009-08-18
"2862",2008-08-19
"2863",2008-08-29
"2864",2010-08-31
"2865",2013-09-10
"2866",2007-09-11
"2867",2011-09-13
"2868",2009-09-15
"2869",2015-09-15
"2870",2012-09-18
"2871",2009-10-06
"2872",2015-10-06
"2873",2013-10-08
"2874",2007-10-09
"2875",2011-10-11
"2876",2010-11-02
"2877",2009-11-03
"2878",2015-11-03
"2879",2008-11-04
"2880",2014-11-04
"2881",2013-11-05
"2882",2007-11-06
"2883",2012-11-06
"2884",2006-11-07
"2885",2011-11-08
"2886",2008-12-09
"2887",2008-01-08
"2888",2008-01-29
"2889",2009-02-03
"2890",2007-02-06
"2891",2010-02-23
"2892",2010-03-02
"2893",2010-03-09
"2894",2008-03-11
"2895",2014-03-11
"2896",2013-03-12
"2897",2016-03-15
"2898",2010-03-16
"2899",2008-03-18
"2900",2013-03-19
"2901",2010-05-04
"2902",2009-05-05
"2903",2008-05-06
"2904",2014-05-06
"2905",2007-05-08
"2906",2012-05-08
"2907",2016-06-07
"2908",2010-06-22
"2909",2008-06-24
"2910",2014-07-15
"2911",2012-07-17
"2912",2011-07-19
"2913",2008-07-29
"2914",2009-08-18
"2915",2008-08-19
"2916",2007-08-21
"2917",2008-08-29
"2918",2010-08-31
"2919",2013-09-10
"2920",2007-09-11
"2921",2011-09-13
"2922",2009-09-15
"2923",2015-09-15
"2924",2012-09-18
"2925",2009-10-06
"2926",2015-10-06
"2927",2013-10-08
"2928",2007-10-09
"2929",2011-10-11
"2930",2010-11-02
"2931",2009-11-03
"2932",2015-11-03
"2933",2008-11-04
"2934",2014-11-04
"2935",2013-11-05
"2936",2007-11-06
"2937",2012-11-06
"2938",2006-11-07
"2939",2011-11-08
"2940",2014-12-02
"2941",2010-12-07
"2942",2008-12-09
"2943",2007-02-06
"2944",2008-03-04
"2945",2016-03-15
"2946",2010-05-04
"2947",2009-05-05
"2948",2008-05-06
"2949",2014-05-06
"2950",2007-05-08
"2951",2012-05-08
"2952",2016-06-07
"2953",2010-06-22
"2954",2008-06-24
"2955",2014-07-15
"2956",2012-07-17
"2957",2008-07-29
"2958",2008-08-19
"2959",2009-10-06
"2960",2013-10-08
"2961",2007-10-09
"2962",2011-10-11
"2963",2010-11-02
"2964",2009-11-03
"2965",2015-11-03
"2966",2008-11-04
"2967",2014-11-04
"2968",2013-11-05
"2969",2007-11-06
"2970",2012-11-06
"2971",2006-11-07
"2972",2011-11-08
"2973",2009-01-06
"2974",2007-02-06
"2975",2008-02-19
"2976",2010-03-02
"2977",2008-03-11
"2978",2016-03-15
"2979",2007-04-17
"2980",2010-05-04
"2981",2009-05-05
"2982",2008-05-06
"2983",2014-05-06
"2984",2007-05-08
"2985",2012-05-08
"2986",2015-05-12
"2987",2011-05-24
"2988",2016-06-07
"2989",2010-06-22
"2990",2008-06-24
"2991",2014-07-15
"2992",2012-07-17
"2993",2009-08-18
"2994",2008-08-29
"2995",2008-09-09
"2996",2009-10-06
"2997",2015-10-06
"2998",2013-10-08
"2999",2007-10-09
"3000",2011-10-11
"3001",2010-11-02
"3002",2009-11-03
"3003",2015-11-03
"3004",2008-11-04
"3005",2014-11-04
"3006",2013-11-05
"3007",2007-11-06
"3008",2012-11-06
"3009",2006-11-07
"3010",2011-11-08
"3011",2010-12-07
"3012",2008-01-08
"3013",2008-01-29
"3014",2009-02-03
"3015",2007-02-06
"3016",2010-03-02
"3017",2007-03-06
"3018",2010-03-09
"3019",2008-03-11
"3020",2013-03-12
"3021",2016-03-15
"3022",2013-03-19
"3023",2010-05-04
"3024",2009-05-05
"3025",2008-05-06
"3026",2014-05-06
"3027",2007-05-08
"3028",2012-05-08
"3029",2016-06-07
"3030",2009-06-16
"3031",2010-06-22
"3032",2008-06-24
"3033",2014-07-15
"3034",2012-07-17
"3035",2008-07-29
"3036",2013-09-10
"3037",2007-09-11
"3038",2009-09-15
"3039",2009-10-06
"3040",2015-10-06
"3041",2013-10-08
"3042",2007-10-09
"3043",2011-10-11
"3044",2010-11-02
"3045",2009-11-03
"3046",2015-11-03
"3047",2008-11-04
"3048",2014-11-04
"3049",2013-11-05
"3050",2007-11-06
"3051",2012-11-06
"3052",2006-11-07
"3053",2011-11-08
"3054",2008-12-09
"3055",2008-12-10
"3056",2008-02-19
"3057",2016-03-15
"3058",2010-03-16
"3059",2007-04-17
"3060",2010-05-04
"3061",2008-05-06
"3062",2014-05-06
"3063",2012-05-08
"3064",2011-05-24
"3065",2016-06-07
"3066",2010-06-22
"3067",2008-06-24
"3068",2014-07-15
"3069",2012-07-17
"3070",2009-10-06
"3071",2015-10-06
"3072",2013-10-08
"3073",2007-10-09
"3074",2011-10-11
"3075",2010-11-02
"3076",2009-11-03
"3077",2015-11-03
"3078",2008-11-04
"3079",2014-11-04
"3080",2013-11-05
"3081",2007-11-06
"3082",2012-11-06
"3083",2006-11-07
"3084",2011-11-08
"3085",2016-03-15
"3086",2010-05-04
"3087",2009-05-05
"3088",2008-05-06
"3089",2014-05-06
"3090",2007-05-08
"3091",2012-05-08
"3092",2016-06-07
"3093",2010-06-22
"3094",2008-06-24
"3095",2014-07-15
"3096",2012-07-17
"3097",2009-09-15
"3098",2009-10-06
"3099",2015-10-06
"3100",2013-10-08
"3101",2007-10-09
"3102",2011-10-11
"3103",2010-11-02
"3104",2009-11-03
"3105",2015-11-03
"3106",2008-11-04
"3107",2014-11-04
"3108",2013-11-05
"3109",2007-11-06
"3110",2012-11-06
"3111",2006-11-07
"3112",2011-11-08
"3113",2008-01-15
"3114",2007-01-23
"3115",2011-02-01
"3116",2007-02-06
"3117",2008-02-19
"3118",2010-03-02
"3119",2010-03-09
"3120",2016-03-15
"3121",2010-03-16
"3122",2008-03-18
"3123",2013-03-19
"3124",2011-04-26
"3125",2010-05-04
"3126",2009-05-05
"3127",2008-05-06
"3128",2014-05-06
"3129",2007-05-08
"3130",2012-05-08
"3131",2015-05-12
"3132",2011-05-24
"3133",2009-06-02
"3134",2016-06-07
"3135",2007-06-12
"3136",2010-06-22
"3137",2008-06-24
"3138",2011-07-12
"3139",2014-07-15
"3140",2012-07-17
"3141",2009-07-28
"3142",2008-07-29
"3143",2009-08-18
"3144",2008-08-19
"3145",2007-08-21
"3146",2008-08-29
"3147",2010-08-31
"3148",2008-09-09
"3149",2013-09-10
"3150",2007-09-11
"3151",2011-09-13
"3152",2009-09-15
"3153",2015-09-15
"3154",2009-10-06
"3155",2015-10-06
"3156",2013-10-08
"3157",2007-10-09
"3158",2011-10-11
"3159",2010-11-02
"3160",2009-11-03
"3161",2015-11-03
"3162",2008-11-04
"3163",2014-11-04
"3164",2013-11-05
"3165",2007-11-06
"3166",2012-11-06
"3167",2006-11-07
"3168",2011-11-08
"3169",2014-12-02
"3170",2008-12-09
"3171",2007-12-11
"3172",2010-03-02
"3173",2016-03-15
"3174",2010-05-04
"3175",2008-05-06
"3176",2014-05-06
"3177",2012-05-08
"3178",2016-06-07
"3179",2010-06-22
"3180",2008-06-24
"3181",2014-07-15
"3182",2012-07-17
"3183",2008-07-29
"3184",2009-08-18
"3185",2008-08-19
"3186",2013-09-10
"3187",2007-09-11
"3188",2009-09-15
"3189",2012-09-18
"3190",2009-10-06
"3191",2015-10-06
"3192",2013-10-08
"3193",2007-10-09
"3194",2011-10-11
"3195",2010-11-02
"3196",2009-11-03
"3197",2015-11-03
"3198",2008-11-04
"3199",2014-11-04
"3200",2013-11-05
"3201",2007-11-06
"3202",2012-11-06
"3203",2006-11-07
"3204",2011-11-08
"3205",2009-01-06
"3206",2008-01-15
"3207",2010-02-02
"3208",2008-02-05
"3209",2007-02-06
"3210",2010-03-02
"3211",2008-03-11
"3212",2016-03-15
"3213",2008-03-18
"3214",2011-04-26
"3215",2010-05-04
"3216",2009-05-05
"3217",2008-05-06
"3218",2014-05-06
"3219",2007-05-08
"3220",2012-05-08
"3221",2011-05-17
"3222",2009-05-19
"3223",2011-05-24
"3224",2016-06-07
"3225",2007-06-12
"3226",2010-06-22
"3227",2008-06-24
"3228",2014-07-15
"3229",2012-07-17
"3230",2011-07-19
"3231",2008-07-29
"3232",2010-08-03
"3233",2011-08-09
"3234",2008-08-19
"3235",2007-08-21
"3236",2008-09-09
"3237",2013-09-10
"3238",2007-09-11
"3239",2009-09-15
"3240",2008-09-16
"3241",2012-09-18
"3242",2009-10-06
"3243",2015-10-06
"3244",2013-10-08
"3245",2007-10-09
"3246",2011-10-11
"3247",2010-11-02
"3248",2009-11-03
"3249",2015-11-03
"3250",2008-11-04
"3251",2014-11-04
"3252",2013-11-05
"3253",2007-11-06
"3254",2012-11-06
"3255",2006-11-07
"3256",2011-11-08
"3257",2009-01-06
"3258",2007-02-06
"3259",2010-03-02
"3260",2010-03-09
"3261",2016-03-15
"3262",2010-05-04
"3263",2009-05-05
"3264",2008-05-06
"3265",2014-05-06
"3266",2007-05-08
"3267",2012-05-08
"3268",2016-06-07
"3269",2007-06-12
"3270",2010-06-22
"3271",2008-06-24
"3272",2014-07-15
"3273",2012-07-17
"3274",2008-07-29
"3275",2010-08-03
"3276",2013-09-10
"3277",2011-09-13
"3278",2009-09-15
"3279",2009-10-06
"3280",2015-10-06
"3281",2013-10-08
"3282",2007-10-09
"3283",2011-10-11
"3284",2010-11-02
"3285",2009-11-03
"3286",2015-11-03
"3287",2008-11-04
"3288",2014-11-04
"3289",2013-11-05
"3290",2007-11-06
"3291",2012-11-06
"3292",2006-11-07
"3293",2011-11-08
"3294",2008-12-09
"3295",2009-02-03
"3296",2007-02-06
"3297",2010-02-23
"3298",2010-03-02
"3299",2008-03-11
"3300",2014-03-11
"3301",2016-03-15
"3302",2011-04-05
"3303",2011-04-26
"3304",2010-05-04
"3305",2009-05-05
"3306",2008-05-06
"3307",2014-05-06
"3308",2012-05-08
"3309",2011-05-17
"3310",2009-05-19
"3311",2011-05-24
"3312",2016-06-07
"3313",2010-06-22
"3314",2008-06-24
"3315",2014-07-15
"3316",2012-07-17
"3317",2010-08-03
"3318",2013-09-10
"3319",2007-09-11
"3320",2011-09-13
"3321",2009-09-15
"3322",2015-09-15
"3323",2009-10-06
"3324",2015-10-06
"3325",2013-10-08
"3326",2007-10-09
"3327",2011-10-11
"3328",2010-11-02
"3329",2009-11-03
"3330",2015-11-03
"3331",2008-11-04
"3332",2014-11-04
"3333",2013-11-05
"3334",2007-11-06
"3335",2012-11-06
"3336",2006-11-07
"3337",2011-11-08
"3338",2008-12-09
"3339",2008-01-08
"3340",2011-01-11
"3341",2011-02-01
"3342",2009-02-03
"3343",2007-02-06
"3344",2016-03-15
"3345",2010-05-04
"3346",2009-05-05
"3347",2008-05-06
"3348",2014-05-06
"3349",2007-05-08
"3350",2012-05-08
"3351",2009-05-19
"3352",2016-06-07
"3353",2010-06-22
"3354",2008-06-24
"3355",2014-07-15
"3356",2012-07-17
"3357",2008-07-29
"3358",2010-08-03
"3359",2010-08-31
"3360",2008-09-09
"3361",2013-09-10
"3362",2007-09-11
"3363",2011-09-13
"3364",2009-09-15
"3365",2015-09-15
"3366",2009-10-06
"3367",2015-10-06
"3368",2013-10-08
"3369",2007-10-09
"3370",2011-10-11
"3371",2010-11-02
"3372",2009-11-03
"3373",2015-11-03
"3374",2008-11-04
"3375",2014-11-04
"3376",2013-11-05
"3377",2007-11-06
"3378",2012-11-06
"3379",2006-11-07
"3380",2011-11-08
"3381",2008-01-08
"3382",2011-02-01
"3383",2010-02-02
"3384",2009-02-03
"3385",2008-02-05
"3386",2007-02-06
"3387",2010-03-02
"3388",2010-03-09
"3389",2008-03-11
"3390",2016-03-15
"3391",2013-03-19
"3392",2011-04-26
"3393",2010-05-04
"3394",2009-05-05
"3395",2008-05-06
"3396",2014-05-06
"3397",2007-05-08
"3398",2012-05-08
"3399",2011-05-17
"3400",2009-05-19
"3401",2016-06-07
"3402",2007-06-12
"3403",2007-06-19
"3404",2010-06-22
"3405",2008-06-24
"3406",2014-07-15
"3407",2012-07-17
"3408",2011-07-19
"3409",2008-07-29
"3410",2009-08-18
"3411",2008-08-19
"3412",2007-08-21
"3413",2008-08-29
"3414",2010-08-31
"3415",2008-09-09
"3416",2013-09-10
"3417",2007-09-11
"3418",2011-09-13
"3419",2009-09-15
"3420",2015-09-15
"3421",2012-09-18
"3422",2009-10-06
"3423",2015-10-06
"3424",2013-10-08
"3425",2007-10-09
"3426",2011-10-11
"3427",2010-11-02
"3428",2009-11-03
"3429",2015-11-03
"3430",2008-11-04
"3431",2014-11-04
"3432",2013-11-05
"3433",2007-11-06
"3434",2012-11-06
"3435",2006-11-07
"3436",2011-11-08
"3437",2008-01-08
"3438",2007-02-06
"3439",2010-03-09
"3440",2016-03-15
"3441",2013-03-19
"3442",2007-04-17
"3443",2010-05-04
"3444",2009-05-05
"3445",2008-05-06
"3446",2014-05-06
"3447",2013-05-07
"3448",2007-05-08
"3449",2012-05-08
"3450",2016-06-07
"3451",2010-06-22
"3452",2008-06-24
"3453",2014-07-15
"3454",2012-07-17
"3455",2010-08-03
"3456",2011-08-09
"3457",2010-08-31
"3458",2013-09-10
"3459",2007-09-11
"3460",2011-09-13
"3461",2009-09-15
"3462",2012-09-18
"3463",2009-10-06
"3464",2015-10-06
"3465",2013-10-08
"3466",2007-10-09
"3467",2011-10-11
"3468",2010-11-02
"3469",2009-11-03
"3470",2015-11-03
"3471",2008-11-04
"3472",2014-11-04
"3473",2013-11-05
"3474",2007-11-06
"3475",2012-11-06
"3476",2006-11-07
"3477",2011-11-08
"3478",2007-12-11
"3479",2008-01-08
"3480",2007-02-06
"3481",2016-03-15
"3482",2010-05-04
"3483",2008-05-06
"3484",2014-05-06
"3485",2007-05-08
"3486",2012-05-08
"3487",2016-06-07
"3488",2010-06-22
"3489",2008-06-24
"3490",2014-07-15
"3491",2012-07-17
"3492",2008-07-29
"3493",2010-08-03
"3494",2010-08-31
"3495",2013-09-10
"3496",2009-10-06
"3497",2015-10-06
"3498",2013-10-08
"3499",2007-10-09
"3500",2011-10-11
"3501",2010-11-02
"3502",2009-11-03
"3503",2015-11-03
"3504",2008-11-04
"3505",2014-11-04
"3506",2013-11-05
"3507",2007-11-06
"3508",2012-11-06
"3509",2006-11-07
"3510",2011-11-08
"3511",2008-01-08
"3512",2007-02-06
"3513",2010-03-02
"3514",2008-03-11
"3515",2014-03-11
"3516",2016-03-15
"3517",2011-04-05
"3518",2010-05-04
"3519",2009-05-05
"3520",2008-05-06
"3521",2014-05-06
"3522",2012-05-08
"3523",2016-06-07
"3524",2007-06-12
"3525",2007-06-19
"3526",2010-06-22
"3527",2008-06-24
"3528",2014-07-15
"3529",2012-07-17
"3530",2008-07-29
"3531",2010-08-03
"3532",2013-09-10
"3533",2007-09-11
"3534",2009-09-15
"3535",2009-10-06
"3536",2015-10-06
"3537",2013-10-08
"3538",2007-10-09
"3539",2011-10-11
"3540",2010-11-02
"3541",2009-11-03
"3542",2015-11-03
"3543",2008-11-04
"3544",2014-11-04
"3545",2013-11-05
"3546",2007-11-06
"3547",2012-11-06
"3548",2006-11-07
"3549",2011-11-08
"3550",2008-12-09
"3551",2008-01-08
"3552",2008-02-05
"3553",2007-02-06
"3554",2016-03-15
"3555",2011-04-05
"3556",2011-04-26
"3557",2010-05-04
"3558",2009-05-05
"3559",2008-05-06
"3560",2014-05-06
"3561",2007-05-08
"3562",2012-05-08
"3563",2011-05-17
"3564",2009-05-19
"3565",2016-06-07
"3566",2010-06-22
"3567",2008-06-24
"3568",2014-07-15
"3569",2012-07-17
"3570",2008-07-29
"3571",2013-09-10
"3572",2007-09-11
"3573",2011-09-13
"3574",2009-09-15
"3575",2015-09-15
"3576",2008-09-16
"3577",2012-09-18
"3578",2009-10-06
"3579",2015-10-06
"3580",2013-10-08
"3581",2007-10-09
"3582",2011-10-11
"3583",2010-11-02
"3584",2009-11-03
"3585",2015-11-03
"3586",2008-11-04
"3587",2014-11-04
"3588",2013-11-05
"3589",2007-11-06
"3590",2012-11-06
"3591",2006-11-07
"3592",2011-11-08
"3593",2008-01-08
"3594",2010-02-02
"3595",2010-03-02
"3596",2008-03-11
"3597",2016-03-15
"3598",2013-03-19
"3599",2010-05-04
"3600",2008-05-06
"3601",2014-05-06
"3602",2007-05-08
"3603",2012-05-08
"3604",2009-05-19
"3605",2016-06-07
"3606",2007-06-19
"3607",2010-06-22
"3608",2008-06-24
"3609",2014-07-15
"3610",2012-07-17
"3611",2008-07-29
"3612",2008-09-09
"3613",2013-09-10
"3614",2007-09-11
"3615",2009-09-15
"3616",2012-09-18
"3617",2009-10-06
"3618",2013-10-08
"3619",2007-10-09
"3620",2011-10-11
"3621",2010-11-02
"3622",2009-11-03
"3623",2015-11-03
"3624",2008-11-04
"3625",2014-11-04
"3626",2013-11-05
"3627",2007-11-06
"3628",2012-11-06
"3629",2006-11-07
"3630",2011-11-08
"3631",2010-02-02
"3632",2007-02-06
"3633",2010-03-02
"3634",2008-03-04
"3635",2010-03-09
"3636",2008-03-11
"3637",2016-03-15
"3638",2010-04-06
"3639",2010-05-04
"3640",2009-05-05
"3641",2008-05-06
"3642",2014-05-06
"3643",2007-05-08
"3644",2012-05-08
"3645",2011-05-17
"3646",2016-06-07
"3647",2007-06-12
"3648",2010-06-22
"3649",2008-06-24
"3650",2014-07-15
"3651",2012-07-17
"3652",2011-07-19
"3653",2009-07-28
"3654",2008-07-29
"3655",2011-08-09
"3656",2010-08-31
"3657",2008-09-09
"3658",2013-09-10
"3659",2009-09-15
"3660",2012-09-18
"3661",2009-10-06
"3662",2015-10-06
"3663",2013-10-08
"3664",2007-10-09
"3665",2011-10-11
"3666",2010-11-02
"3667",2009-11-03
"3668",2015-11-03
"3669",2008-11-04
"3670",2014-11-04
"3671",2013-11-05
"3672",2007-11-06
"3673",2012-11-06
"3674",2006-11-07
"3675",2011-11-08
"3676",2010-12-07
"3677",2010-03-09
"3678",2016-03-15
"3679",2010-05-04
"3680",2008-05-06
"3681",2014-05-06
"3682",2012-05-08
"3683",2016-06-07
"3684",2010-06-22
"3685",2008-06-24
"3686",2014-07-15
"3687",2012-07-17
"3688",2009-08-18
"3689",2009-10-06
"3690",2013-10-08
"3691",2007-10-09
"3692",2011-10-11
"3693",2010-11-02
"3694",2009-11-03
"3695",2015-11-03
"3696",2008-11-04
"3697",2014-11-04
"3698",2013-11-05
"3699",2007-11-06
"3700",2012-11-06
"3701",2006-11-07
"3702",2011-11-08
"3703",2007-01-23
"3704",2007-02-06
"3705",2010-03-02
"3706",2016-03-15
"3707",2007-04-24
"3708",2010-05-04
"3709",2009-05-05
"3710",2008-05-06
"3711",2014-05-06
"3712",2007-05-08
"3713",2012-05-08
"3714",2011-05-17
"3715",2011-05-24
"3716",2016-06-07
"3717",2010-06-22
"3718",2008-06-24
"3719",2014-07-15
"3720",2012-07-17
"3721",2008-07-29
"3722",2009-08-18
"3723",2010-08-31
"3724",2013-09-10
"3725",2007-09-11
"3726",2011-09-13
"3727",2009-09-15
"3728",2015-09-15
"3729",2009-10-06
"3730",2015-10-06
"3731",2013-10-08
"3732",2007-10-09
"3733",2011-10-11
"3734",2010-11-02
"3735",2009-11-03
"3736",2015-11-03
"3737",2008-11-04
"3738",2014-11-04
"3739",2013-11-05
"3740",2007-11-06
"3741",2012-11-06
"3742",2006-11-07
"3743",2011-11-08
"3744",2008-02-19
"3745",2008-03-04
"3746",2016-03-15
"3747",2010-05-04
"3748",2008-05-06
"3749",2014-05-06
"3750",2012-05-08
"3751",2011-05-24
"3752",2016-06-07
"3753",2010-06-22
"3754",2008-06-24
"3755",2014-07-15
"3756",2012-07-17
"3757",2009-10-06
"3758",2013-10-08
"3759",2007-10-09
"3760",2010-11-02
"3761",2009-11-03
"3762",2015-11-03
"3763",2008-11-04
"3764",2014-11-04
"3765",2013-11-05
"3766",2007-11-06
"3767",2012-11-06
"3768",2006-11-07
"3769",2011-11-08
"3770",2008-01-08
"3771",2007-01-23
"3772",2010-02-02
"3773",2008-02-05
"3774",2007-02-06
"3775",2010-03-02
"3776",2016-03-15
"3777",2013-03-19
"3778",2010-04-06
"3779",2007-04-17
"3780",2010-05-04
"3781",2009-05-05
"3782",2008-05-06
"3783",2014-05-06
"3784",2007-05-08
"3785",2012-05-08
"3786",2011-05-17
"3787",2009-05-19
"3788",2007-05-22
"3789",2016-06-07
"3790",2007-06-19
"3791",2010-06-22
"3792",2009-06-23
"3793",2008-06-24
"3794",2014-07-15
"3795",2012-07-17
"3796",2008-07-29
"3797",2010-08-03
"3798",2008-08-19
"3799",2010-08-31
"3800",2013-09-10
"3801",2007-09-11
"3802",2011-09-13
"3803",2009-09-15
"3804",2015-09-15
"3805",2008-09-16
"3806",2012-09-18
"3807",2009-10-06
"3808",2015-10-06
"3809",2013-10-08
"3810",2007-10-09
"3811",2011-10-11
"3812",2010-11-02
"3813",2009-11-03
"3814",2015-11-03
"3815",2008-11-04
"3816",2014-11-04
"3817",2013-11-05
"3818",2007-11-06
"3819",2012-11-06
"3820",2006-11-07
"3821",2011-11-08
"3822",2008-12-09
"3823",2007-02-06
"3824",2016-03-15
"3825",2010-05-04
"3826",2008-05-06
"3827",2014-05-06
"3828",2012-05-08
"3829",2011-06-07
"3830",2016-06-07
"3831",2007-06-19
"3832",2010-06-22
"3833",2008-06-24
"3834",2014-07-15
"3835",2012-07-17
"3836",2011-07-19
"3837",2008-07-29
"3838",2013-09-10
"3839",2009-10-06
"3840",2015-10-06
"3841",2013-10-08
"3842",2007-10-09
"3843",2011-10-11
"3844",2010-11-02
"3845",2009-11-03
"3846",2015-11-03
"3847",2008-11-04
"3848",2014-11-04
"3849",2013-11-05
"3850",2007-11-06
"3851",2012-11-06
"3852",2006-11-07
"3853",2011-11-08
"3854",2014-12-02
"3855",2009-01-06
"3856",2008-01-08
"3857",2007-01-23
"3858",2008-01-29
"3859",2011-02-01
"3860",2010-02-02
"3861",2009-02-03
"3862",2008-02-05
"3863",2007-02-06
"3864",2008-02-19
"3865",2010-02-23
"3866",2010-03-02
"3867",2008-03-04
"3868",2007-03-06
"3869",2010-03-09
"3870",2009-03-10
"3871",2008-03-11
"3872",2014-03-11
"3873",2013-03-12
"3874",2016-03-15
"3875",2010-03-16
"3876",2008-03-18
"3877",2013-03-19
"3878",2010-04-06
"3879",2007-04-17
"3880",2007-04-24
"3881",2011-04-26
"3882",2010-05-04
"3883",2009-05-05
"3884",2008-05-06
"3885",2014-05-06
"3886",2007-05-08
"3887",2012-05-08
"3888",2015-05-12
"3889",2011-05-17
"3890",2007-05-22
"3891",2011-05-24
"3892",2009-06-02
"3893",2011-06-07
"3894",2016-06-07
"3895",2007-06-12
"3896",2007-06-19
"3897",2010-06-22
"3898",2009-06-23
"3899",2008-06-24
"3900",2011-07-12
"3901",2014-07-15
"3902",2012-07-17
"3903",2011-07-19
"3904",2008-07-29
"3905",2010-08-03
"3906",2011-08-09
"3907",2009-08-18
"3908",2008-08-19
"3909",2007-08-21
"3910",2008-08-29
"3911",2010-08-31
"3912",2008-09-09
"3913",2013-09-10
"3914",2007-09-11
"3915",2011-09-13
"3916",2009-09-15
"3917",2015-09-15
"3918",2008-09-16
"3919",2012-09-18
"3920",2009-10-06
"3921",2015-10-06
"3922",2013-10-08
"3923",2007-10-09
"3924",2011-10-11
"3925",2010-11-02
"3926",2009-11-03
"3927",2015-11-03
"3928",2008-11-04
"3929",2014-11-04
"3930",2013-11-05
"3931",2007-11-06
"3932",2012-11-06
"3933",2006-11-07
"3934",2011-11-08
"3935",2010-12-07
"3936",2008-12-09
"3937",2008-12-10
"3938",2007-12-11
"3939",2008-01-08
"3940",2011-02-01
"3941",2016-03-15
"3942",2007-04-17
"3943",2010-05-04
"3944",2009-05-05
"3945",2008-05-06
"3946",2014-05-06
"3947",2012-05-08
"3948",2016-06-07
"3949",2010-06-22
"3950",2008-06-24
"3951",2014-07-15
"3952",2012-07-17
"3953",2009-10-06
"3954",2015-10-06
"3955",2013-10-08
"3956",2007-10-09
"3957",2011-10-11
"3958",2010-11-02
"3959",2009-11-03
"3960",2015-11-03
"3961",2008-11-04
"3962",2014-11-04
"3963",2013-11-05
"3964",2007-11-06
"3965",2012-11-06
"3966",2006-11-07
"3967",2011-11-08
"3968",2014-12-02
"3969",2009-02-03
"3970",2010-03-09
"3971",2016-03-15
"3972",2008-03-18
"3973",2010-05-04
"3974",2009-05-05
"3975",2008-05-06
"3976",2014-05-06
"3977",2007-05-08
"3978",2012-05-08
"3979",2011-05-24
"3980",2016-06-07
"3981",2010-06-22
"3982",2008-06-24
"3983",2014-07-15
"3984",2012-07-17
"3985",2009-07-28
"3986",2013-09-10
"3987",2009-09-15
"3988",2009-10-06
"3989",2013-10-08
"3990",2007-10-09
"3991",2011-10-11
"3992",2010-11-02
"3993",2009-11-03
"3994",2015-11-03
"3995",2008-11-04
"3996",2014-11-04
"3997",2013-11-05
"3998",2007-11-06
"3999",2012-11-06
"4000",2006-11-07
"4001",2011-11-08
"4002",2008-01-08
"4003",2009-02-03
"4004",2007-02-06
"4005",2010-03-02
"4006",2007-03-06
"4007",2009-03-10
"4008",2008-03-11
"4009",2016-03-15
"4010",2013-03-19
"4011",2010-05-04
"4012",2009-05-05
"4013",2008-05-06
"4014",2014-05-06
"4015",2007-05-08
"4016",2012-05-08
"4017",2011-05-17
"4018",2011-05-24
"4019",2009-06-02
"4020",2016-06-07
"4021",2007-06-12
"4022",2007-06-19
"4023",2010-06-22
"4024",2008-06-24
"4025",2014-07-15
"4026",2012-07-17
"4027",2008-07-29
"4028",2009-08-18
"4029",2008-08-19
"4030",2008-08-29
"4031",2010-08-31
"4032",2008-09-09
"4033",2013-09-10
"4034",2007-09-11
"4035",2011-09-13
"4036",2009-09-15
"4037",2015-09-15
"4038",2012-09-18
"4039",2009-10-06
"4040",2015-10-06
"4041",2013-10-08
"4042",2007-10-09
"4043",2011-10-11
"4044",2010-11-02
"4045",2009-11-03
"4046",2015-11-03
"4047",2008-11-04
"4048",2014-11-04
"4049",2013-11-05
"4050",2007-11-06
"4051",2012-11-06
"4052",2006-11-07
"4053",2011-11-08
"4054",2008-12-09
"4055",2008-01-08
"4056",2007-01-23
"4057",2007-02-06
"4058",2008-02-19
"4059",2010-02-23
"4060",2013-03-12
"4061",2016-03-15
"4062",2010-05-04
"4063",2009-05-05
"4064",2008-05-06
"4065",2014-05-06
"4066",2007-05-08
"4067",2012-05-08
"4068",2011-05-24
"4069",2016-06-07
"4070",2010-06-22
"4071",2008-06-24
"4072",2014-07-15
"4073",2012-07-17
"4074",2010-08-03
"4075",2010-08-31
"4076",2008-09-09
"4077",2013-09-10
"4078",2011-09-13
"4079",2009-09-15
"4080",2009-10-06
"4081",2015-10-06
"4082",2013-10-08
"4083",2007-10-09
"4084",2011-10-11
"4085",2010-11-02
"4086",2009-11-03
"4087",2015-11-03
"4088",2008-11-04
"4089",2014-11-04
"4090",2013-11-05
"4091",2007-11-06
"4092",2012-11-06
"4093",2006-11-07
"4094",2011-11-08
"4095",2008-12-09
"4096",2008-01-08
"4097",2010-02-02
"4098",2009-02-03
"4099",2010-03-02
"4100",2007-03-06
"4101",2010-03-09
"4102",2008-03-11
"4103",2016-03-15
"4104",2013-03-19
"4105",2010-05-04
"4106",2009-05-05
"4107",2008-05-06
"4108",2014-05-06
"4109",2007-05-08
"4110",2012-05-08
"4111",2011-05-17
"4112",2016-06-07
"4113",2007-06-12
"4114",2010-06-22
"4115",2008-06-24
"4116",2014-07-15
"4117",2012-07-17
"4118",2008-07-29
"4119",2010-08-31
"4120",2008-09-09
"4121",2013-09-10
"4122",2011-09-13
"4123",2009-09-15
"4124",2015-09-15
"4125",2009-10-06
"4126",2015-10-06
"4127",2013-10-08
"4128",2007-10-09
"4129",2011-10-11
"4130",2010-11-02
"4131",2009-11-03
"4132",2015-11-03
"4133",2008-11-04
"4134",2014-11-04
"4135",2013-11-05
"4136",2007-11-06
"4137",2012-11-06
"4138",2006-11-07
"4139",2011-11-08
"4140",2008-01-08
"4141",2008-01-15
"4142",2011-02-01
"4143",2007-02-06
"4144",2008-02-19
"4145",2010-03-02
"4146",2013-03-12
"4147",2016-03-15
"4148",2010-05-04
"4149",2009-05-05
"4150",2008-05-06
"4151",2014-05-06
"4152",2007-05-08
"4153",2012-05-08
"4154",2016-06-07
"4155",2010-06-22
"4156",2008-06-24
"4157",2014-07-15
"4158",2012-07-17
"4159",2008-08-19
"4160",2013-09-10
"4161",2007-09-11
"4162",2011-09-13
"4163",2009-09-15
"4164",2015-09-15
"4165",2009-10-06
"4166",2015-10-06
"4167",2013-10-08
"4168",2007-10-09
"4169",2011-10-11
"4170",2010-11-02
"4171",2009-11-03
"4172",2015-11-03
"4173",2008-11-04
"4174",2014-11-04
"4175",2013-11-05
"4176",2007-11-06
"4177",2012-11-06
"4178",2006-11-07
"4179",2011-11-08
"4180",2014-12-02
"4181",2008-12-09
"4182",2007-12-11
"4183",2008-01-08
"4184",2011-01-11
"4185",2010-02-02
"4186",2008-03-11
"4187",2016-03-15
"4188",2010-05-04
"4189",2008-05-06
"4190",2014-05-06
"4191",2007-05-08
"4192",2012-05-08
"4193",2011-05-24
"4194",2016-06-07
"4195",2007-06-12
"4196",2010-06-22
"4197",2008-06-24
"4198",2014-07-15
"4199",2012-07-17
"4200",2008-07-29
"4201",2010-08-31
"4202",2008-09-09
"4203",2013-09-10
"4204",2009-09-15
"4205",2015-09-15
"4206",2009-10-06
"4207",2015-10-06
"4208",2007-10-09
"4209",2011-10-11
"4210",2010-11-02
"4211",2009-11-03
"4212",2015-11-03
"4213",2008-11-04
"4214",2014-11-04
"4215",2013-11-05
"4216",2007-11-06
"4217",2012-11-06
"4218",2006-11-07
"4219",2011-11-08
"4220",2009-02-03
"4221",2008-03-04
"4222",2009-03-10
"4223",2008-03-11
"4224",2016-03-15
"4225",2010-04-06
"4226",2010-05-04
"4227",2009-05-05
"4228",2008-05-06
"4229",2014-05-06
"4230",2012-05-08
"4231",2011-05-17
"4232",2016-06-07
"4233",2010-06-22
"4234",2008-06-24
"4235",2014-07-15
"4236",2012-07-17
"4237",2009-08-18
"4238",2008-08-29
"4239",2013-09-10
"4240",2007-09-11
"4241",2012-09-18
"4242",2009-10-06
"4243",2015-10-06
"4244",2013-10-08
"4245",2007-10-09
"4246",2011-10-11
"4247",2010-11-02
"4248",2009-11-03
"4249",2015-11-03
"4250",2008-11-04
"4251",2014-11-04
"4252",2013-11-05
"4253",2007-11-06
"4254",2012-11-06
"4255",2006-11-07
"4256",2011-11-08
